first_name,last_name,gender,age,nationality,hard_skills,soft_skills,teamwork,creativity,class
Susan,Boyd,Male,22,Tunisian,1.76,1.96,1.79,4.19,2C55
Cory,Rodriguez,Female,42,Algerian,1.13,2.22,2.82,0.41,1A100
Mark,Gutierrez,Female,45,Moroccan,4.23,3.15,1.8,2.62,2C55
Kyle,Ross,Female,36,Algerian,4.79,1.12,4.68,1.23,4D20
Leah,Hooper,Male,29,Tunisian,2.09,0.41,0.99,3.28,4D20
Cassie,Orozco,Female,43,Moroccan,2.65,4.1,0.29,3.74,4D20
Andrea,Brown,Male,43,Egyptian,2.13,0.59,0.69,2.26,1A100
Joshua,Long,Male,40,Senegalese,3.6,2.25,2.42,2.83,4D20
Danny,Johnson,Female,35,Cameroonian,1.89,1.96,1.66,4.4,4D20
Jessica,Whitaker,Male,44,Egyptian,2.82,0.29,2.18,0.94,4D20
Kendra,Brooks,Male,33,Libyan,3.02,4.73,1.08,1.37,3B88
David,Johnson,Male,22,Malian,1.54,0.06,0.64,1.2,1A100
Gail,Ortiz,Female,22,Senegalese,1.25,2.42,1.61,0.81,2C55
Matthew,Miller,Male,36,Tunisian,3.93,3.61,1.57,2.72,2C55
Jacqueline,Rangel,Female,25,Cameroonian,3.04,3.63,3.39,3.88,2C55
James,Jensen,Male,33,Moroccan,0.71,1.95,2.92,4.82,1A100
Kathryn,Vazquez,Female,41,Tunisian,0.76,1.3,1.3,0.08,1A100
Jacqueline,Stephens,Male,29,Malian,3.84,2.49,2.45,1.75,4D20
Carol,Thomas,Female,35,Senegalese,2.83,0.27,4.09,0.09,3B88
Lisa,Williams,Female,21,Libyan,3.96,1.85,4.84,4.47,3B88
Jose,Hale,Female,44,Egyptian,3.06,3.29,0.46,3.95,3B88
Bradley,Coleman,Female,36,Egyptian,0.72,4.34,0.73,4.61,1A100
Jessica,Carter,Male,28,Senegalese,4.9,3.92,0.1,2.02,1A100
Daniel,Carr,Female,29,Senegalese,2.26,3.79,0.71,2.36,2C55
Pamela,Ramirez,Female,20,Tunisian,0.42,4.5,3.64,2.61,3B88
Joshua,Banks,Female,19,Malian,1.33,3.2,0.04,2.61,3B88
Lisa,Lam,Male,41,Senegalese,0.0,1.71,1.63,1.13,1A100
Valerie,Spence,Female,20,Tunisian,0.73,2.99,4.94,2.06,1A100
Robert,Thomas,Female,33,Algerian,2.92,0.4,3.5,2.02,2C55
Justin,Jackson,Female,34,Senegalese,2.33,3.86,3.34,1.4,1A100
Michael,Cuevas,Female,45,Tunisian,4.81,3.51,2.61,1.38,1A100
Gary,Gonzales,Female,19,Algerian,4.62,0.97,3.11,4.98,3B88
Sheryl,Scott,Male,25,Malian,1.74,2.72,0.87,4.37,3B88
Sarah,Sanchez,Female,43,Senegalese,2.32,2.07,3.92,3.19,4D20
Ian,Huber,Male,24,Moroccan,3.38,2.75,2.4,4.27,2C55
Nicole,Hall,Female,33,Libyan,3.04,3.1,3.1,4.84,3B88
Lindsey,Frank,Male,45,Senegalese,2.63,3.31,2.94,3.32,4D20
Daniel,Martin,Male,37,Cameroonian,1.63,0.95,3.33,3.5,1A100
Cheyenne,Richardson,Female,18,Libyan,2.81,4.87,4.69,1.64,1A100
Todd,Turner,Female,23,Malian,5.0,1.56,1.38,0.73,1A100
John,Powers,Female,31,Algerian,4.25,0.38,4.82,0.01,1A100
Monique,Ward,Female,32,Moroccan,0.63,4.36,0.55,0.54,4D20
Sean,Avery,Female,24,Libyan,0.28,0.93,1.56,0.14,1A100
Tina,Petty,Female,43,Egyptian,4.26,0.96,3.81,3.24,2C55
Christopher,Baker,Male,24,Malian,2.53,1.92,1.92,3.84,1A100
Austin,Vazquez,Male,43,Algerian,1.37,2.77,2.65,3.22,4D20
Andrea,Davis,Female,41,Libyan,1.51,1.61,3.07,1.76,1A100
Willie,Morales,Female,32,Cameroonian,2.86,1.67,2.65,2.31,2C55
Angelica,Smith,Female,24,Cameroonian,0.68,4.71,4.84,1.34,1A100
Amber,Mccann,Female,41,Senegalese,4.66,1.57,3.86,3.74,1A100
Timothy,Freeman,Female,29,Tunisian,2.33,3.76,2.51,3.31,4D20
April,Lopez,Female,24,Malian,4.91,2.44,0.83,0.55,4D20
Amy,Melendez,Female,24,Moroccan,3.36,3.38,0.31,2.19,2C55
Keith,Peters,Female,31,Senegalese,3.09,1.98,0.53,1.8,3B88
Morgan,Hubbard,Male,34,Moroccan,3.88,1.82,3.8,0.17,2C55
Billy,Hobbs,Male,30,Egyptian,0.58,4.39,2.96,3.25,3B88
Katie,Wright,Female,27,Tunisian,4.29,4.81,0.32,1.91,1A100
Kathleen,Russell,Male,40,Cameroonian,2.36,2.28,4.46,3.48,4D20
Christina,Richardson,Female,23,Algerian,2.31,4.72,2.91,1.13,1A100
Tina,Webb,Male,37,Algerian,1.78,1.6,4.95,0.67,1A100
Teresa,Smith,Female,40,Algerian,2.42,1.25,1.33,3.73,2C55
James,Williams,Female,33,Moroccan,0.36,2.79,1.15,4.67,4D20
Pamela,Davis,Male,44,Egyptian,1.56,0.12,3.71,3.54,4D20
Tiffany,Taylor,Female,36,Algerian,2.74,3.57,3.7,2.63,1A100
Jonathan,Cole,Male,34,Malian,2.93,4.79,0.19,4.42,1A100
Kenneth,Mayer,Male,20,Algerian,4.61,1.46,0.05,2.6,4D20
Raymond,Gonzalez,Male,40,Algerian,4.62,2.82,0.4,0.37,2C55
Julie,Gonzales,Female,35,Libyan,2.81,4.15,1.11,2.98,2C55
Jennifer,Gray,Male,39,Moroccan,3.11,0.06,4.35,1.32,4D20
Luis,King,Female,34,Senegalese,3.43,1.77,2.74,4.78,4D20
Cheryl,Stewart,Male,43,Egyptian,0.11,0.28,3.33,4.83,4D20
Pamela,Hartman,Female,31,Malian,2.55,3.29,1.59,0.98,2C55
Shannon,Jones,Female,18,Senegalese,1.87,4.77,3.29,3.31,4D20
Manuel,Peters,Female,22,Tunisian,2.03,3.63,2.42,0.99,2C55
Elizabeth,Zimmerman,Female,28,Senegalese,2.26,4.13,3.48,0.57,4D20
Samantha,Austin,Female,35,Moroccan,1.12,3.2,2.79,1.19,1A100
Nathan,Cline,Male,39,Libyan,1.81,1.16,4.79,0.01,3B88
Tiffany,Glenn,Male,33,Egyptian,3.02,1.33,4.62,4.1,2C55
Nicole,Scott,Male,36,Cameroonian,2.37,3.46,1.28,1.43,4D20
Jaclyn,Castillo,Female,30,Libyan,1.35,4.68,4.23,3.65,1A100
Allison,Wilson,Female,34,Cameroonian,2.21,1.67,1.33,4.87,3B88
Sydney,Hahn,Female,24,Senegalese,4.77,4.52,1.64,3.44,4D20
Devon,Tucker,Male,38,Libyan,2.8,0.06,3.77,4.98,1A100
Stanley,Espinoza,Male,34,Senegalese,3.09,3.69,4.43,0.83,2C55
David,Buchanan,Female,24,Senegalese,1.5,3.31,3.81,4.89,3B88
Lauren,Pierce,Female,40,Malian,3.43,2.25,4.43,3.06,1A100
Mary,Douglas,Male,40,Algerian,2.04,3.67,2.78,4.92,4D20
Megan,Kelly,Male,42,Cameroonian,3.8,4.17,3.93,3.39,2C55
Linda,Hernandez,Female,26,Algerian,0.74,0.12,4.98,3.94,4D20
Rebecca,Williams,Male,26,Moroccan,1.5,4.67,2.71,0.95,4D20
Mia,Rogers,Female,38,Senegalese,2.54,0.24,0.11,3.43,2C55
James,Hatfield,Male,29,Algerian,4.32,2.48,0.24,0.9,2C55
Joel,Hernandez,Female,19,Algerian,1.4,3.55,3.01,1.21,2C55
John,Gray,Female,20,Senegalese,0.24,1.41,0.35,3.17,3B88
Stephen,Robinson,Female,39,Libyan,3.75,0.08,3.16,0.6,1A100
Jennifer,Brennan,Female,27,Tunisian,1.17,3.16,2.9,2.83,4D20
Dana,Lee,Male,21,Egyptian,3.63,2.99,0.54,3.21,2C55
Kimberly,Davis,Male,39,Malian,3.54,0.34,1.01,0.49,1A100
Sandra,Nixon,Female,39,Egyptian,1.27,2.43,4.22,4.83,2C55
Sabrina,Gilmore,Female,28,Malian,0.81,2.9,3.15,2.04,4D20
Paula,Vazquez,Male,25,Algerian,1.96,3.38,3.35,1.55,4D20
Margaret,Ortiz,Male,36,Senegalese,3.38,3.02,4.66,3.49,4D20
Wendy,Bryant,Male,29,Senegalese,4.35,2.34,0.09,3.43,3B88
Scott,Hall,Female,37,Senegalese,0.98,2.13,4.83,1.6,2C55
Robin,Valenzuela,Female,27,Malian,4.37,0.42,3.44,0.65,2C55
Andrea,Wright,Male,38,Egyptian,4.9,4.65,3.11,1.59,2C55
Mary,Nunez,Female,29,Algerian,1.48,2.04,3.16,0.11,1A100
April,Johnson,Male,26,Cameroonian,1.97,3.39,1.72,2.14,4D20
Nancy,Vargas,Female,35,Senegalese,3.04,0.97,1.99,3.01,4D20
Melissa,Martinez,Male,26,Egyptian,0.97,4.95,0.38,3.76,3B88
Sarah,Travis,Female,28,Libyan,3.5,1.1,4.02,0.69,2C55
Robert,Turner,Female,33,Egyptian,5.0,0.11,2.36,2.45,3B88
Michael,Dalton,Female,33,Senegalese,1.68,0.01,2.29,4.77,1A100
Lauren,Hahn,Female,26,Tunisian,2.18,1.36,4.06,4.57,2C55
Luis,Lutz,Male,22,Cameroonian,3.6,4.46,3.86,4.07,4D20
Keith,Jackson,Female,39,Senegalese,3.92,4.47,4.53,4.89,2C55
Jennifer,Perry,Female,41,Cameroonian,1.75,4.97,1.11,1.25,2C55
Mark,Wong,Male,23,Moroccan,2.94,2.52,1.34,2.28,3B88
Megan,Alvarado,Female,44,Libyan,4.14,1.35,3.56,0.27,1A100
Michael,Sullivan,Female,25,Tunisian,4.21,1.35,2.3,3.57,4D20
Daniel,Moody,Male,18,Libyan,4.34,1.79,1.11,3.48,2C55
Ryan,Perkins,Male,40,Moroccan,2.19,4.21,3.45,3.07,3B88
Gerald,Bush,Male,30,Moroccan,3.02,0.12,1.97,4.76,2C55
Emily,Bridges,Male,20,Libyan,1.66,0.75,4.92,1.12,1A100
Mary,Matthews,Male,25,Senegalese,2.19,1.98,2.29,1.32,4D20
William,Hall,Female,39,Cameroonian,1.99,0.71,4.82,4.85,3B88
Andrew,Ballard,Female,23,Cameroonian,3.94,1.02,3.08,2.83,3B88
Dawn,Espinoza,Female,20,Algerian,1.24,1.59,3.95,1.84,3B88
Joseph,Villanueva,Female,35,Cameroonian,4.6,4.87,0.45,1.27,1A100
Amber,Hughes,Female,38,Senegalese,4.24,0.93,0.56,3.72,4D20
David,Thomas,Male,26,Moroccan,3.83,3.33,2.03,0.26,4D20
Sara,Miller,Female,42,Tunisian,2.81,2.25,0.12,3.95,1A100
Paul,Singh,Female,41,Libyan,4.34,2.63,0.27,3.42,3B88
Randy,Sims,Female,40,Cameroonian,2.24,2.87,0.8,0.41,3B88
Heather,Burch,Male,29,Cameroonian,0.5,3.36,2.06,0.67,2C55
Matthew,Murray,Female,38,Moroccan,2.73,2.75,4.55,0.92,1A100
James,Glover,Male,32,Libyan,2.34,0.85,4.58,1.54,4D20
Keith,Rodriguez,Female,19,Moroccan,1.82,1.07,4.31,0.86,4D20
Bryan,Trevino,Male,44,Moroccan,2.75,2.81,3.83,2.35,1A100
John,Ramos,Male,39,Algerian,3.85,3.37,2.29,1.15,4D20
Samantha,Howard,Female,37,Tunisian,0.15,2.31,1.12,4.32,1A100
Michael,Myers,Female,27,Libyan,0.03,4.69,2.26,0.28,2C55
Sarah,Waters,Female,41,Tunisian,4.71,4.16,3.03,2.46,2C55
Lisa,Smith,Female,29,Tunisian,2.65,0.82,4.74,2.32,3B88
Emily,Higgins,Female,39,Moroccan,1.3,0.38,0.79,1.86,3B88
Carlos,Watkins,Female,37,Moroccan,3.02,2.15,3.28,2.01,4D20
Vincent,Ramos,Female,23,Malian,3.64,2.9,0.72,2.65,3B88
Brad,Phillips,Male,37,Senegalese,1.89,3.18,4.62,1.48,3B88
David,Osborne,Male,35,Tunisian,1.99,4.19,3.08,1.2,1A100
Robert,Graves,Male,27,Cameroonian,3.65,1.1,3.25,4.44,1A100
Denise,Sullivan,Male,33,Moroccan,2.55,2.76,3.84,2.1,3B88
Carol,Green,Female,18,Senegalese,0.11,4.81,4.01,4.77,1A100
Jeremiah,Kennedy,Male,29,Algerian,1.95,4.26,1.5,4.3,1A100
Rebecca,Wells,Female,39,Algerian,2.52,0.2,2.46,0.15,3B88
Jodi,Cook,Female,25,Egyptian,0.93,2.66,0.24,2.33,3B88
Michael,Ortiz,Male,20,Tunisian,0.7,0.23,1.29,0.95,1A100
Holly,Clark,Male,37,Senegalese,3.93,2.16,0.56,4.72,4D20
Jessica,Villegas,Male,38,Cameroonian,0.97,3.44,2.74,2.5,2C55
Kevin,Smith,Female,30,Malian,0.78,4.8,3.79,3.51,4D20
Brenda,Turner,Female,28,Cameroonian,0.93,3.98,4.68,0.33,2C55
Jasmin,Huber,Male,44,Malian,4.55,1.09,0.18,4.41,4D20
Terry,Ferguson,Male,41,Egyptian,2.49,2.4,4.3,3.5,3B88
Leslie,Taylor,Male,41,Algerian,4.3,1.76,1.83,0.78,3B88
Clayton,Hughes,Female,45,Cameroonian,3.13,2.83,2.88,3.07,1A100
Katherine,Vang,Female,36,Algerian,4.7,3.77,4.27,3.96,4D20
James,Reynolds,Male,34,Algerian,1.73,2.36,1.13,0.32,3B88
Andrew,Scott,Male,20,Libyan,3.57,3.57,1.87,0.87,1A100
Shelby,Munoz,Female,33,Senegalese,1.32,0.09,0.77,1.84,2C55
Evan,Munoz,Male,39,Tunisian,3.66,4.41,3.32,3.74,1A100
Nicole,Sutton,Male,42,Algerian,3.69,4.06,1.91,4.36,4D20
Rachel,Mcdonald,Female,27,Egyptian,1.98,1.21,3.49,0.12,1A100
Paul,Wallace,Female,29,Libyan,1.29,0.48,2.47,3.51,4D20
Kaitlyn,Sutton,Female,33,Senegalese,1.72,1.12,3.96,1.83,3B88
Justin,Ball,Male,39,Libyan,1.01,0.94,1.66,2.56,4D20
Amy,Bradford,Female,30,Tunisian,1.28,2.4,3.3,1.27,3B88
Hannah,Neal,Male,22,Cameroonian,1.15,0.85,2.49,4.8,2C55
Jason,Pace,Male,26,Senegalese,4.63,2.8,2.08,3.62,1A100
Steven,Gill,Female,28,Libyan,1.48,2.92,0.13,3.63,2C55
Jessica,Watkins,Male,39,Senegalese,2.64,4.2,0.08,1.86,2C55
John,Hartman,Female,19,Egyptian,4.52,2.32,3.95,1.79,2C55
Joshua,Dougherty,Female,22,Senegalese,0.53,1.04,1.77,0.67,4D20
Pamela,Wright,Male,38,Senegalese,3.51,1.44,4.27,0.47,1A100
John,Bowman,Male,43,Algerian,0.51,2.67,0.45,4.48,2C55
Linda,Christian,Female,28,Libyan,1.07,1.15,4.01,1.44,1A100
Karen,Martinez,Female,41,Senegalese,4.98,3.23,4.72,1.47,3B88
Jennifer,Wright,Male,39,Senegalese,3.84,4.75,3.76,2.32,4D20
Ian,Scott,Male,25,Malian,4.71,2.89,3.8,2.68,4D20
Kara,Davis,Female,18,Tunisian,2.94,4.41,1.12,1.21,1A100
Sharon,Dunlap,Female,23,Libyan,4.26,2.14,1.71,1.29,3B88
Gerald,Lang,Male,25,Egyptian,4.15,1.61,2.2,1.59,1A100
Luke,Harrell,Male,29,Tunisian,3.3,3.96,1.68,4.44,4D20
Jeffrey,Davis,Female,20,Libyan,3.82,4.29,1.33,0.59,4D20
Manuel,Fuller,Male,45,Malian,4.91,3.9,1.53,0.83,4D20
Sandra,Carlson,Male,22,Libyan,1.56,1.58,1.46,4.79,2C55
Sara,Lewis,Male,38,Senegalese,1.56,2.12,1.81,2.76,3B88
Fred,Brown,Female,34,Tunisian,2.99,0.35,1.61,1.15,1A100
John,Parker,Female,28,Senegalese,0.35,1.61,3.22,0.71,2C55
James,Baldwin,Female,20,Algerian,2.05,1.81,1.92,3.63,3B88
Kevin,Andrews,Male,34,Cameroonian,0.57,3.49,3.41,0.18,1A100
Barbara,Douglas,Female,36,Senegalese,4.41,2.41,1.64,2.76,1A100
Olivia,Nichols,Female,23,Malian,0.87,4.83,3.55,4.53,2C55
Kendra,Lewis,Male,40,Tunisian,1.82,2.93,3.75,1.38,4D20
Tamara,Thomas,Male,38,Moroccan,4.84,2.43,1.4,4.24,3B88
Melinda,Farmer,Female,38,Algerian,0.8,0.5,4.96,4.47,1A100
Mary,Rice,Female,39,Egyptian,3.3,3.63,4.04,1.33,3B88
Jodi,Haynes,Female,42,Egyptian,0.71,3.67,4.75,3.56,4D20
Joshua,Santos,Male,34,Moroccan,1.68,4.47,0.76,1.91,1A100
Adriana,Lyons,Female,39,Tunisian,0.62,1.82,2.8,3.93,1A100
Jason,Shaw,Male,25,Algerian,4.7,1.64,0.66,4.11,3B88
Gina,Lewis,Female,31,Malian,0.22,0.2,0.04,1.86,3B88
Jesse,Taylor,Female,35,Moroccan,3.59,2.0,1.94,2.48,2C55
Patricia,Figueroa,Female,22,Egyptian,0.3,4.27,2.2,1.19,4D20
Ryan,Rogers,Female,37,Libyan,1.99,4.25,2.22,1.07,3B88
Tommy,Jacobson,Female,33,Egyptian,4.37,4.01,3.5,1.03,3B88
Jessica,King,Female,39,Libyan,1.05,0.23,0.54,0.32,2C55
Norman,Hood,Female,27,Senegalese,1.49,0.78,0.36,3.39,4D20
Megan,Kelley,Female,37,Malian,1.63,1.34,2.3,1.18,4D20
James,Padilla,Female,21,Egyptian,0.41,1.0,1.56,1.89,4D20
David,Willis,Male,38,Malian,0.84,1.55,3.89,2.45,1A100
Thomas,Dixon,Female,18,Senegalese,4.98,1.4,3.41,2.55,4D20
Kathryn,Rivers,Female,36,Algerian,0.25,4.48,1.48,1.59,1A100
Sara,Webb,Male,30,Senegalese,0.98,1.64,2.34,4.43,1A100
Austin,Ross,Female,24,Cameroonian,0.51,4.42,2.21,0.26,2C55
Ann,Li,Male,28,Senegalese,4.88,4.06,2.49,2.46,4D20
Teresa,Erickson,Female,20,Cameroonian,1.54,0.22,1.46,3.54,1A100
Sergio,Rogers,Male,45,Egyptian,1.56,3.69,4.1,1.92,3B88
Kevin,Morales,Female,20,Senegalese,4.77,2.54,0.31,4.33,2C55
Donna,Robbins,Female,35,Malian,3.29,2.25,3.43,4.76,2C55
Robert,Wilson,Male,20,Libyan,0.26,0.73,0.55,1.13,4D20
Jennifer,Owen,Female,41,Algerian,1.0,0.21,2.25,2.95,4D20
Mary,Wells,Male,29,Malian,4.54,3.23,2.04,0.27,2C55
Jason,Brown,Male,22,Cameroonian,3.9,0.08,4.34,3.75,3B88
Kimberly,Jackson,Female,29,Senegalese,0.58,2.58,0.95,3.93,3B88
Laura,Garcia,Female,27,Cameroonian,2.51,2.79,1.8,3.04,4D20
Shannon,Robles,Female,22,Egyptian,3.31,0.57,4.42,4.19,1A100
Julie,Martinez,Female,45,Malian,4.73,0.38,1.2,1.3,3B88
Aimee,Roberts,Female,30,Libyan,1.83,4.45,4.12,4.77,4D20
Lindsey,Dickson,Female,20,Malian,3.31,2.03,3.47,2.93,3B88
Tammy,Ross,Male,26,Libyan,4.99,0.26,2.61,4.49,4D20
Jennifer,Anderson,Female,18,Moroccan,4.52,2.1,1.79,1.75,1A100
Leon,Deleon,Male,33,Libyan,1.25,1.93,2.16,3.71,3B88
Zachary,Carter,Male,20,Malian,4.21,4.62,3.93,1.24,3B88
Stephen,Fox,Male,29,Tunisian,4.48,0.58,2.93,0.21,4D20
Sheri,Zimmerman,Female,35,Moroccan,0.57,4.72,0.33,3.42,4D20
Grace,Davis,Male,20,Tunisian,1.02,1.76,2.74,1.78,1A100
Matthew,Sanchez,Male,30,Tunisian,0.27,1.34,0.3,3.82,2C55
Cassie,Mendoza,Female,38,Senegalese,1.43,1.14,2.11,0.83,3B88
Wanda,Miller,Male,37,Moroccan,2.8,1.79,1.8,2.16,2C55
Shawna,Johnson,Female,18,Moroccan,4.71,3.32,0.84,2.68,3B88
Mary,Anderson,Male,45,Egyptian,2.27,1.37,1.72,3.05,4D20
Darrell,Merritt,Female,43,Senegalese,1.04,0.85,1.97,2.39,1A100
Jennifer,Smith,Female,22,Algerian,1.0,4.88,2.8,2.02,1A100
Michael,Smith,Female,43,Cameroonian,1.04,1.9,4.6,4.63,3B88
Jacob,Sullivan,Male,30,Algerian,4.72,4.03,3.82,0.12,2C55
Karen,Mcbride,Male,21,Libyan,1.03,2.18,0.61,1.79,1A100
Shelia,Larson,Male,37,Libyan,3.88,2.3,4.63,4.28,1A100
Emily,Spencer,Female,21,Libyan,2.65,2.77,4.76,3.56,3B88
Andrew,Henry,Female,35,Tunisian,4.47,4.44,1.8,1.72,2C55
Patricia,Nelson,Male,44,Egyptian,0.66,0.13,4.6,4.94,3B88
Lori,Stokes,Male,32,Moroccan,1.68,4.78,1.32,2.06,3B88
Christian,Watts,Female,42,Cameroonian,0.03,1.55,3.97,1.47,4D20
Jessica,Beard,Female,37,Algerian,1.45,4.88,0.85,3.07,3B88
Abigail,Rios,Male,33,Senegalese,2.39,2.62,2.91,3.91,3B88
William,Scott,Male,39,Cameroonian,1.03,0.43,1.23,3.89,2C55
John,Burke,Female,27,Algerian,4.44,3.9,3.97,4.84,4D20
Ross,Whitaker,Female,19,Moroccan,0.89,0.76,3.04,3.28,4D20
Kyle,Snyder,Male,32,Algerian,0.08,3.13,2.04,1.76,3B88
Sarah,Allen,Female,29,Moroccan,4.85,4.55,3.73,4.29,4D20
Loretta,Miller,Female,23,Libyan,1.96,1.53,1.69,0.53,1A100
Shannon,Hampton,Male,36,Cameroonian,2.01,2.59,0.19,2.79,2C55
Amy,Smith,Female,19,Senegalese,2.91,1.81,3.74,0.61,3B88
Lauren,Allen,Male,29,Egyptian,2.73,1.41,1.59,2.44,1A100
Dustin,Brown,Female,35,Algerian,0.74,2.5,2.05,2.99,1A100
Jennifer,Riley,Male,29,Moroccan,2.57,3.99,3.01,0.23,3B88
Laura,Wilson,Male,43,Tunisian,1.29,4.32,3.06,0.22,1A100
Jennifer,Bauer,Female,29,Egyptian,4.87,1.87,1.82,2.03,1A100
Julie,Stevens,Female,34,Cameroonian,4.69,4.04,3.54,3.76,1A100
Todd,Parsons,Male,20,Tunisian,1.37,3.93,3.06,4.73,3B88
Sarah,Ward,Female,23,Cameroonian,2.67,0.66,1.33,3.42,2C55
Mary,Reese,Female,26,Malian,4.57,4.24,4.9,4.68,1A100
Lisa,Keller,Female,29,Moroccan,2.06,1.75,3.76,0.38,4D20
Matthew,Jarvis,Female,18,Senegalese,0.39,4.2,4.46,2.79,2C55
Adam,Hammond,Male,25,Libyan,0.51,1.32,4.37,4.71,4D20
Patrick,Moon,Male,44,Egyptian,4.07,3.35,4.93,2.43,1A100
Eric,Bryan,Male,44,Tunisian,2.24,3.79,0.45,4.66,4D20
Sean,Manning,Male,22,Tunisian,4.1,3.16,2.62,1.37,2C55
Jacob,Scott,Male,23,Senegalese,3.35,0.19,3.37,2.8,2C55
Marissa,Kramer,Female,26,Malian,1.93,3.62,1.05,2.49,2C55
Aaron,Spencer,Male,31,Libyan,4.56,4.55,3.56,2.24,3B88
Jennifer,Chavez,Male,33,Cameroonian,4.76,1.85,4.67,0.09,2C55
Nathan,Miller,Female,19,Senegalese,0.8,2.81,3.93,4.95,2C55
Justin,Gordon,Female,25,Senegalese,4.75,4.93,3.33,2.62,3B88
Ryan,Armstrong,Female,43,Senegalese,3.9,2.48,0.46,1.55,4D20
Steven,Melendez,Female,45,Senegalese,0.74,0.29,4.06,1.05,3B88
Kelly,Johnston,Female,42,Egyptian,2.07,4.9,3.44,3.28,4D20
Marilyn,Taylor,Male,45,Senegalese,0.33,0.41,4.33,0.32,1A100
Michael,Steele,Female,35,Libyan,3.49,3.79,0.41,4.15,3B88
Cynthia,Flowers,Male,38,Algerian,0.69,4.69,4.51,0.6,1A100
Donald,Holden,Female,44,Algerian,1.82,4.85,0.7,2.93,3B88
Thomas,Navarro,Male,19,Egyptian,0.84,1.72,3.65,2.1,3B88
Jennifer,Schwartz,Male,28,Egyptian,1.66,4.97,1.39,4.72,4D20
Amy,Harris,Male,31,Cameroonian,2.21,3.96,1.3,1.71,3B88
Derrick,Briggs,Female,31,Senegalese,1.47,4.09,0.27,1.9,3B88
Michelle,Miller,Female,28,Algerian,3.3,1.43,3.86,3.32,1A100
Maureen,Horton,Male,23,Tunisian,1.51,4.97,4.11,2.23,2C55
Bonnie,Foster,Male,32,Tunisian,0.45,2.19,0.72,1.57,1A100
Alexandra,Navarro,Male,24,Senegalese,0.4,2.56,3.04,2.35,4D20
Kathryn,Hernandez,Male,21,Senegalese,4.58,3.38,2.01,0.86,1A100
Christopher,Garcia,Male,38,Egyptian,0.75,2.73,0.08,4.16,4D20
Diana,Cordova,Male,27,Tunisian,1.45,4.08,0.13,2.75,3B88
Jennifer,Robinson,Female,42,Cameroonian,2.35,1.68,0.25,4.33,3B88
Elizabeth,Gonzales,Male,45,Cameroonian,4.01,0.58,0.54,1.1,2C55
Jessica,Jones,Male,31,Libyan,2.29,1.82,1.26,2.33,3B88
Michael,Burns,Female,45,Libyan,0.39,2.09,4.13,2.23,1A100
William,Ellison,Male,21,Cameroonian,3.2,3.69,1.21,3.95,1A100
Amy,Clark,Female,31,Cameroonian,4.14,0.15,2.47,0.41,4D20
Cheryl,Martin,Female,40,Algerian,2.08,4.5,3.98,0.98,2C55
Michael,Mitchell,Female,32,Malian,4.62,0.3,1.75,2.44,1A100
Carl,Hernandez,Female,40,Malian,4.23,2.82,2.89,2.51,1A100
Dana,Martinez,Male,19,Egyptian,1.86,3.36,4.99,3.18,2C55
Paul,Murray,Male,40,Algerian,4.14,0.09,3.8,1.49,3B88
Sarah,Robinson,Male,20,Tunisian,0.7,3.76,0.72,2.03,3B88
Cynthia,Ellison,Male,32,Senegalese,0.5,4.19,1.21,0.14,4D20
Stephanie,Lee,Female,33,Cameroonian,4.35,1.32,2.46,0.64,4D20
Tyler,Brewer,Male,45,Libyan,1.7,1.4,1.1,0.96,1A100
Lucas,Lane,Male,25,Egyptian,2.5,1.78,4.6,2.65,3B88
Tammy,Conner,Female,44,Libyan,1.19,2.58,0.68,3.73,1A100
Heather,West,Female,39,Moroccan,4.67,2.61,2.09,2.97,2C55
Sheila,Riley,Female,43,Senegalese,1.94,0.44,1.72,4.31,4D20
Benjamin,Dunn,Female,26,Cameroonian,3.94,3.15,0.38,2.25,2C55
Lisa,Nichols,Male,26,Algerian,0.66,0.73,4.21,1.9,4D20
David,Clayton,Male,40,Egyptian,3.65,1.99,2.92,4.44,2C55
Sharon,Owens,Female,25,Tunisian,0.98,2.48,2.79,3.89,4D20
Hannah,Martinez,Female,28,Moroccan,1.36,0.43,0.85,4.07,3B88
Christopher,Evans,Female,33,Malian,3.29,2.36,3.42,4.01,3B88
Kimberly,Hernandez,Female,23,Egyptian,4.41,2.17,1.43,2.5,3B88
Michael,Mcneil,Female,20,Cameroonian,1.52,1.92,4.61,0.44,2C55
Wendy,Tucker,Male,37,Moroccan,2.25,0.7,4.92,1.39,2C55
William,Lewis,Male,32,Algerian,2.67,4.37,1.01,4.98,1A100
Cheryl,Salas,Male,43,Moroccan,2.84,0.34,1.03,4.84,4D20
Sandra,Li,Female,39,Tunisian,1.14,2.71,3.43,1.71,4D20
Melinda,Roberts,Female,44,Algerian,2.55,1.1,2.44,0.27,2C55
Jared,Rush,Female,19,Moroccan,2.44,2.24,2.87,3.07,2C55
David,Johnson,Female,27,Algerian,2.75,4.56,4.2,0.52,1A100
Kimberly,Marsh,Female,26,Algerian,2.82,4.73,3.91,3.11,1A100
Cheryl,Wolfe,Male,24,Senegalese,4.83,1.57,2.51,4.68,3B88
Joseph,Holland,Female,33,Cameroonian,4.05,0.35,0.35,2.65,1A100
Christina,Hicks,Male,33,Senegalese,1.33,1.33,4.12,2.51,3B88
Alexandra,Reed,Female,26,Malian,1.85,2.52,2.13,2.87,3B88
Jessica,Scott,Female,26,Tunisian,2.47,3.52,2.59,2.2,3B88
Stephen,Jones,Female,20,Algerian,1.64,1.46,4.75,2.24,3B88
Christine,Johnson,Female,25,Libyan,4.46,2.0,4.99,2.55,4D20
Jacqueline,Hoffman,Male,32,Tunisian,3.45,2.99,3.36,3.22,2C55
Amanda,Turner,Female,42,Malian,2.51,2.18,3.82,0.31,4D20
Russell,Harris,Male,19,Algerian,0.04,2.87,0.47,0.28,3B88
Bruce,Nguyen,Male,32,Libyan,3.04,0.33,1.17,1.47,3B88
Roberto,Thomas,Male,31,Tunisian,2.34,1.57,2.85,1.8,4D20
Ricky,Bowman,Male,45,Tunisian,3.89,0.1,3.29,0.43,3B88
Brandon,Reynolds,Male,39,Cameroonian,2.1,3.84,4.06,3.63,4D20
Kristin,Winters,Female,36,Moroccan,3.15,3.42,3.13,1.26,3B88
Anthony,Golden,Male,30,Egyptian,1.52,4.29,3.06,0.22,3B88
Elizabeth,Sims,Male,40,Tunisian,3.18,0.6,4.76,4.68,3B88
Becky,Love,Male,43,Egyptian,1.47,1.59,2.78,4.75,4D20
Tara,Ayala,Female,18,Egyptian,1.35,1.7,0.59,3.06,3B88
John,Hall,Female,38,Moroccan,1.78,4.57,1.64,4.63,4D20
Tammy,Carter,Male,45,Moroccan,0.4,2.85,4.19,1.38,3B88
Mike,Wall,Male,28,Senegalese,2.79,2.97,2.45,2.71,4D20
Joshua,Manning,Male,33,Algerian,4.61,0.82,4.78,1.6,2C55
Joy,Fuller,Female,32,Tunisian,2.72,2.24,1.26,0.11,2C55
Taylor,Taylor,Male,41,Libyan,3.87,3.69,3.93,2.0,1A100
Donald,Washington,Male,18,Malian,3.92,2.2,3.15,4.22,3B88
Stanley,Allen,Female,28,Senegalese,4.34,3.99,2.37,3.51,1A100
Christy,Mckinney,Female,26,Senegalese,1.89,4.78,0.54,2.19,3B88
Kevin,Robinson,Female,42,Egyptian,1.38,4.45,0.81,3.97,1A100
Cody,Schroeder,Female,42,Tunisian,4.05,4.8,0.91,4.49,1A100
Amanda,Snow,Male,38,Algerian,4.28,2.37,2.51,0.05,1A100
Holly,White,Female,26,Libyan,4.23,2.56,1.61,4.09,4D20
Kathy,Thompson,Female,27,Cameroonian,0.4,4.66,3.19,1.82,1A100
Lisa,Barnes,Female,20,Algerian,4.2,3.18,3.51,4.36,4D20
Veronica,Edwards,Male,30,Malian,1.3,4.13,4.51,4.21,3B88
Pam,Gallagher,Male,29,Senegalese,1.99,0.24,1.96,2.49,1A100
Christopher,Chan,Female,24,Moroccan,3.13,0.87,0.3,2.89,2C55
Gerald,Chavez,Male,42,Tunisian,1.26,3.1,3.86,0.42,4D20
Brianna,Mcdonald,Female,36,Moroccan,1.87,1.65,4.21,2.06,2C55
Briana,Lyons,Male,35,Egyptian,2.55,4.76,1.68,4.47,1A100
Katrina,Everett,Male,31,Moroccan,3.46,2.42,1.98,3.55,4D20
Donald,Torres,Female,28,Moroccan,2.04,0.15,3.22,2.15,3B88
Jeffrey,Mccormick,Male,43,Algerian,0.63,1.73,0.07,4.63,3B88
Roberto,Mitchell,Male,43,Egyptian,0.66,4.69,4.23,0.35,3B88
Jacob,Rhodes,Male,45,Cameroonian,3.1,1.5,1.26,2.2,1A100
Katherine,Jenkins,Female,40,Libyan,2.68,3.8,3.04,3.95,4D20
Jennifer,Ayala,Male,36,Algerian,4.76,3.02,4.59,1.22,2C55
Susan,Johnston,Female,27,Algerian,4.99,1.4,3.58,3.3,4D20
Laura,Nguyen,Male,22,Moroccan,1.2,4.83,1.23,4.32,4D20
Brenda,Winters,Male,27,Libyan,0.29,2.87,2.44,2.25,3B88
Richard,Brown,Male,30,Moroccan,0.86,3.42,4.2,0.94,3B88
Dustin,Moore,Male,31,Senegalese,1.32,0.23,2.88,3.27,3B88
John,Jones,Male,44,Libyan,4.94,1.89,1.49,2.6,3B88
David,Mccoy,Male,38,Libyan,4.91,2.09,2.68,0.96,4D20
Bradley,Hill,Female,45,Senegalese,4.12,3.96,0.7,4.82,1A100
Stephen,Vance,Female,25,Malian,1.56,1.4,3.84,2.79,1A100
Jodi,Jones,Female,39,Senegalese,1.24,4.31,1.38,4.5,2C55
Michael,Knight,Male,34,Tunisian,0.23,3.92,1.16,2.73,3B88
Brett,Thompson,Male,24,Libyan,2.84,3.38,0.67,4.98,2C55
Christopher,Hopkins,Male,36,Tunisian,0.73,4.7,4.98,2.8,2C55
Jessica,Martin,Male,27,Senegalese,1.16,2.46,1.96,4.11,1A100
Katherine,Gordon,Female,44,Egyptian,2.32,4.08,2.86,2.29,3B88
Alex,Bennett,Female,40,Libyan,2.01,2.58,1.2,4.61,2C55
Matthew,Tucker,Male,30,Senegalese,2.64,0.11,3.32,3.72,3B88
Jonathan,Hopkins,Female,30,Algerian,0.74,0.26,3.04,4.12,1A100
Norma,Knox,Male,35,Libyan,0.17,2.25,3.75,3.84,1A100
Donald,Jones,Male,23,Libyan,4.9,4.47,1.78,2.6,3B88
Michelle,Ortiz,Male,22,Malian,3.01,4.65,4.12,3.79,2C55
Brian,Cain,Female,19,Algerian,1.31,0.87,1.87,0.87,3B88
Elizabeth,Ayala,Female,30,Libyan,1.5,1.17,1.57,4.86,3B88
Peter,Savage,Male,41,Algerian,2.48,3.73,1.55,2.61,3B88
Erin,Gonzalez,Male,45,Algerian,4.12,2.58,0.48,0.43,3B88
James,Ryan,Female,32,Senegalese,2.6,4.69,2.65,2.24,3B88
Christopher,Webb,Male,20,Malian,2.63,0.75,4.45,3.69,3B88
Yolanda,Rodriguez,Male,39,Egyptian,4.64,2.19,4.8,4.58,1A100
Thomas,Richardson,Female,44,Senegalese,0.13,0.01,2.4,3.9,4D20
Lisa,Wilson,Female,45,Malian,2.85,2.87,2.51,1.85,3B88
Hannah,Gross,Male,23,Tunisian,1.82,3.94,2.49,4.19,1A100
Renee,Smith,Female,44,Senegalese,4.55,0.43,1.8,4.62,4D20
William,Gonzalez,Female,32,Moroccan,2.27,2.37,1.55,3.1,2C55
Molly,Holder,Male,39,Senegalese,3.7,1.34,1.41,2.24,3B88
Ricky,Hubbard,Female,18,Libyan,3.51,2.82,0.2,1.98,3B88
Andrew,Jarvis,Female,43,Algerian,1.97,3.67,1.87,3.24,4D20
Susan,Duran,Female,33,Senegalese,4.54,4.79,3.95,4.62,3B88
Justin,Long,Female,39,Egyptian,1.93,1.11,0.99,1.91,2C55
Leah,Jacobs,Male,33,Tunisian,4.98,2.93,4.05,0.7,1A100
Taylor,Wong,Female,21,Moroccan,2.41,1.93,0.87,1.73,4D20
Juan,Young,Male,28,Tunisian,2.12,3.65,0.7,2.32,4D20
Joseph,Moore,Male,37,Libyan,4.16,4.8,3.86,2.15,1A100
Anthony,Chan,Female,18,Cameroonian,4.58,2.33,2.11,2.3,2C55
Sarah,Lewis,Male,40,Algerian,4.81,2.39,0.7,3.94,4D20
Tristan,Parker,Male,34,Tunisian,4.13,4.66,4.81,2.91,4D20
Michael,Mitchell,Male,35,Cameroonian,1.94,2.69,1.45,1.55,4D20
Tony,Kelly,Female,42,Senegalese,3.63,4.22,4.85,0.83,1A100
Jillian,Montoya,Male,35,Moroccan,3.75,0.81,0.98,2.56,4D20
Mark,Lee,Female,30,Malian,0.47,3.64,4.79,3.39,1A100
Katherine,Williams,Male,20,Algerian,4.71,3.08,4.63,3.47,3B88
Nichole,Mcclain,Male,34,Egyptian,0.98,2.6,0.84,3.6,2C55
Richard,Turner,Female,39,Senegalese,2.65,0.44,3.9,3.53,2C55
Thomas,Coleman,Female,30,Tunisian,2.81,1.21,0.23,1.67,3B88
Andrew,Mitchell,Male,29,Egyptian,0.82,3.48,2.72,2.97,2C55
Richard,Obrien,Male,33,Tunisian,1.89,3.61,3.16,0.07,3B88
John,Gonzalez,Male,25,Malian,4.98,1.7,4.5,1.81,1A100
Tracy,Schmidt,Female,21,Egyptian,0.72,1.61,4.13,1.7,3B88
Justin,Bailey,Male,44,Egyptian,3.45,3.19,3.58,3.79,4D20
Jeffrey,Tran,Female,40,Libyan,3.77,2.55,4.81,4.61,3B88
Chad,Hall,Female,44,Tunisian,0.28,3.62,1.8,0.03,1A100
Michael,Jordan,Female,36,Malian,2.13,1.29,4.75,4.35,1A100
Jessica,Sanchez,Male,45,Cameroonian,2.5,4.72,0.84,2.76,2C55
Chloe,Brown,Male,39,Libyan,0.12,0.17,4.72,4.95,4D20
Manuel,Kelly,Male,21,Cameroonian,4.18,2.76,3.6,2.58,1A100
Mallory,Anderson,Female,44,Algerian,2.94,1.41,4.84,0.83,4D20
Benjamin,Short,Female,22,Algerian,2.19,2.51,0.46,1.85,3B88
Robert,Neal,Male,36,Algerian,4.21,1.02,0.05,3.38,3B88
Nicole,Rose,Male,37,Cameroonian,1.31,1.92,1.91,1.5,4D20
Amanda,Price,Female,31,Libyan,2.89,2.67,4.99,4.31,2C55
Brandon,Thompson,Female,31,Tunisian,0.29,0.11,2.49,1.18,4D20
Kathy,Reynolds,Female,38,Libyan,2.02,3.75,4.07,2.88,4D20
Jacob,Hall,Male,20,Moroccan,0.74,4.56,1.86,2.08,3B88
John,Jones,Male,31,Libyan,2.89,3.14,3.68,2.91,2C55
Jenna,Oneill,Male,23,Malian,1.57,0.94,1.43,0.1,1A100
Janice,Jackson,Male,21,Moroccan,1.19,0.41,2.23,0.87,3B88
Alexis,Thompson,Male,41,Malian,1.95,2.11,1.89,1.32,2C55
David,Garcia,Male,22,Senegalese,4.78,0.85,0.44,3.64,2C55
Seth,Rodriguez,Male,19,Moroccan,2.02,2.4,3.46,0.06,2C55
Shawna,Johnson,Male,34,Egyptian,1.12,4.44,1.93,0.3,2C55
Rebecca,Hale,Male,44,Tunisian,3.42,2.63,3.11,3.61,3B88
Jeremy,Harrington,Female,44,Moroccan,0.18,0.92,2.14,2.31,1A100
Joseph,Thompson,Male,34,Cameroonian,1.28,1.23,1.74,0.27,3B88
Mary,Price,Male,37,Tunisian,0.42,2.97,3.99,0.42,4D20
Jessica,Watson,Male,36,Egyptian,1.03,4.06,4.99,3.52,4D20
Jeffrey,Smith,Female,32,Egyptian,3.75,2.46,2.86,0.45,3B88
Rachel,Watkins,Male,24,Libyan,0.12,0.18,1.18,2.72,1A100
Mary,Glass,Male,28,Malian,2.25,2.1,4.55,0.18,4D20
Edward,Stewart,Female,33,Tunisian,1.62,4.76,3.63,3.82,4D20
Emily,Gilbert,Female,29,Moroccan,1.39,0.26,4.84,2.9,2C55
Andrew,Williams,Male,28,Cameroonian,1.73,0.24,2.17,3.37,1A100
Andrew,Wilson,Male,30,Libyan,0.19,1.79,2.66,0.18,3B88
Kimberly,Smith,Male,37,Senegalese,2.13,2.2,3.22,2.79,3B88
Matthew,Jones,Male,35,Egyptian,4.98,4.72,3.07,4.06,2C55
Jason,Romero,Female,42,Malian,4.9,2.11,4.2,4.24,3B88
Carol,Trujillo,Female,45,Algerian,1.84,4.69,3.6,0.3,2C55
Michael,Cervantes,Female,38,Libyan,4.26,0.79,0.63,1.34,3B88
Ryan,Martinez,Female,39,Algerian,1.01,1.39,0.17,0.95,1A100
Gabriel,Lambert,Female,27,Tunisian,0.61,1.19,0.64,2.76,3B88
Anna,Hogan,Male,40,Cameroonian,2.37,4.21,0.15,0.06,1A100
Shawn,Brown,Male,29,Tunisian,4.47,1.99,3.7,4.01,4D20
Brittany,Fritz,Female,28,Libyan,3.4,2.76,1.99,1.03,2C55
Matthew,Meadows,Female,39,Senegalese,2.1,4.59,0.93,1.71,1A100
Sarah,Colon,Male,44,Senegalese,4.97,4.9,3.31,2.36,1A100
Allison,Griffith,Male,30,Algerian,3.65,3.44,2.57,0.29,1A100
Kathleen,Rodgers,Male,23,Malian,4.11,3.56,3.25,2.04,2C55
Christopher,Sanchez,Female,34,Malian,0.52,3.66,1.84,2.34,1A100
Michelle,Rodriguez,Male,44,Algerian,4.43,4.13,3.69,4.75,3B88
Lori,Gonzalez,Male,34,Malian,3.6,3.04,1.58,4.03,3B88
William,Booth,Female,33,Senegalese,1.72,2.08,3.13,3.56,4D20
Rachel,Patton,Male,35,Senegalese,0.45,1.92,2.74,0.15,2C55
Ann,Ramirez,Female,20,Malian,2.01,2.08,4.54,2.13,3B88
Benjamin,Sparks,Male,18,Malian,4.93,0.65,0.22,4.37,4D20
Jennifer,Hansen,Female,32,Moroccan,1.79,4.75,3.75,1.38,4D20
Sarah,Rogers,Female,40,Libyan,2.8,4.54,1.17,0.18,2C55
David,Horn,Male,21,Moroccan,4.17,0.38,3.95,4.05,2C55
Keith,Murray,Female,45,Malian,1.95,2.1,2.7,0.43,3B88
Julie,Carroll,Male,31,Algerian,0.09,4.67,0.4,1.25,1A100
Tammy,Mcpherson,Male,28,Egyptian,2.63,1.19,3.76,2.69,4D20
Jennifer,Vargas,Male,45,Algerian,3.03,3.97,0.43,3.21,2C55
James,Weiss,Female,29,Malian,4.58,0.9,0.52,4.11,4D20
Madeline,Lopez,Male,38,Malian,3.68,0.95,2.22,4.64,4D20
Kimberly,Brewer,Male,37,Libyan,1.01,2.83,3.71,2.08,2C55
Kelly,Rice,Female,20,Algerian,1.12,4.17,4.91,1.88,2C55
Michael,Ruiz,Male,42,Moroccan,4.99,0.5,0.6,2.83,2C55
Jim,Jones,Female,36,Tunisian,2.22,2.71,4.82,2.58,4D20
James,Hall,Male,20,Senegalese,3.76,0.39,4.55,0.68,3B88
Elizabeth,Medina,Male,39,Tunisian,2.66,4.07,3.4,4.03,3B88
Ryan,Cook,Female,19,Malian,2.22,1.51,4.11,2.41,2C55
John,Osborn,Female,36,Moroccan,4.03,1.81,3.89,2.85,4D20
Michele,Irwin,Male,23,Malian,0.31,2.43,4.06,1.8,3B88
Mario,Gordon,Male,32,Malian,0.6,1.87,2.3,4.19,2C55
Danielle,Serrano,Male,32,Cameroonian,3.45,0.86,4.03,3.83,4D20
Andrew,Bryant,Female,30,Tunisian,3.72,3.78,4.85,1.24,1A100
Alicia,Davis,Female,39,Malian,2.03,0.81,4.56,1.99,1A100
David,Hernandez,Male,24,Cameroonian,3.96,2.18,0.46,4.69,2C55
Andrea,Smith,Female,19,Malian,4.83,1.13,0.86,1.53,1A100
Jaime,Steele,Male,26,Libyan,1.98,2.3,4.62,4.31,3B88
Betty,Gibson,Male,32,Libyan,3.04,0.45,3.44,3.76,3B88
David,Underwood,Female,32,Tunisian,1.27,3.44,0.59,2.66,4D20
Melanie,Santos,Female,35,Moroccan,1.75,3.35,1.84,4.8,1A100
Max,Crane,Male,20,Tunisian,3.92,4.59,3.69,3.53,1A100
Blake,Wells,Female,37,Moroccan,0.6,3.31,4.43,0.79,2C55
Joshua,Stark,Female,30,Malian,2.5,2.89,2.28,4.44,4D20
William,Moore,Female,41,Algerian,4.3,2.79,0.76,0.94,2C55
Pamela,Hill,Female,43,Libyan,1.53,4.63,0.91,0.34,2C55
Brenda,Smith,Male,26,Senegalese,2.9,0.07,2.73,3.61,4D20
Misty,Perry,Female,27,Egyptian,0.67,0.03,2.05,0.99,2C55
Stacy,Medina,Male,28,Egyptian,2.53,1.35,3.74,0.72,3B88
Jennifer,Grant,Male,38,Tunisian,4.93,3.29,2.95,0.69,2C55
Natasha,Pittman,Male,28,Tunisian,4.1,3.75,0.27,0.8,1A100
Mary,Baker,Female,40,Libyan,4.88,3.28,3.71,2.73,1A100
William,Carter,Female,43,Senegalese,3.6,1.31,3.08,1.4,1A100
Julie,Evans,Male,43,Egyptian,2.51,2.54,4.15,1.29,4D20
Angela,Clark,Male,35,Egyptian,4.08,2.54,3.15,0.5,2C55
Belinda,Richardson,Female,38,Algerian,1.94,3.76,1.53,0.32,2C55
Kirk,Jones,Male,33,Tunisian,4.63,3.49,0.81,2.51,1A100
Raymond,Galvan,Female,18,Cameroonian,2.05,4.62,2.5,0.04,2C55
Kari,Morton,Female,18,Libyan,1.22,4.38,0.76,2.08,4D20
Catherine,Bryant,Female,36,Moroccan,1.55,0.46,3.88,2.06,1A100
Victoria,Vance,Female,24,Libyan,4.48,4.45,3.82,1.19,1A100
Phillip,Brown,Male,19,Libyan,4.56,3.4,3.17,3.81,3B88
Jessica,Jennings,Female,41,Moroccan,2.65,2.4,3.64,4.08,2C55
Mark,Smith,Male,36,Cameroonian,4.85,1.86,1.85,0.56,3B88
Debra,Mckinney,Male,21,Libyan,3.56,4.42,4.76,1.24,4D20
Jeffrey,Cook,Female,20,Egyptian,2.22,1.1,2.03,3.73,2C55
Julia,Brown,Male,40,Cameroonian,3.45,0.42,2.59,2.45,3B88
Carmen,Anderson,Male,19,Cameroonian,1.81,2.65,4.9,0.02,3B88
Carla,Black,Male,44,Malian,0.32,3.22,3.94,0.68,3B88
Scott,Haley,Male,45,Egyptian,4.95,4.02,0.55,1.36,1A100
Elizabeth,Perez,Female,39,Algerian,1.32,4.75,0.05,1.78,4D20
Stephanie,Parks,Male,41,Senegalese,2.08,1.7,3.36,2.3,1A100
Brian,Johnson,Male,43,Algerian,2.85,0.08,4.93,3.25,3B88
Christina,Martinez,Female,25,Malian,3.07,0.37,4.41,1.46,2C55
Christine,Cruz,Female,34,Malian,3.7,1.07,0.75,4.72,1A100
Beth,Newman,Male,30,Libyan,4.43,0.17,1.66,2.05,3B88
Courtney,Stanley,Female,27,Moroccan,4.73,1.13,4.22,3.98,1A100
Amy,Jacobs,Female,43,Algerian,2.13,3.68,2.88,1.5,2C55
Jessica,Howard,Female,21,Cameroonian,2.61,4.69,2.42,3.41,4D20
Lori,Hayes,Male,27,Senegalese,0.1,3.62,4.22,3.59,4D20
Chad,Vaughan,Female,44,Malian,3.16,3.26,1.04,1.36,1A100
Krista,Wright,Male,33,Malian,0.88,4.94,4.37,3.1,1A100
Gail,Brown,Male,30,Moroccan,2.54,2.84,4.55,0.58,2C55
Linda,Diaz,Male,26,Malian,0.18,0.18,0.86,0.81,3B88
Marvin,Fleming,Female,18,Libyan,4.12,3.44,0.46,0.77,1A100
Victor,Valenzuela,Female,34,Senegalese,1.76,1.5,2.19,4.98,1A100
Desiree,Sims,Male,18,Tunisian,2.21,3.78,2.38,4.79,2C55
Judy,Bowman,Female,22,Malian,1.37,0.5,4.44,4.67,2C55
Linda,Stewart,Male,36,Malian,0.98,2.66,1.03,0.94,4D20
Thomas,Woodard,Female,31,Moroccan,2.62,4.39,3.39,2.49,4D20
Alison,Anderson,Male,32,Malian,1.31,2.13,3.09,2.65,2C55
Jeremy,Jackson,Male,24,Moroccan,4.49,3.69,2.85,1.57,3B88
Gavin,Gomez,Female,39,Libyan,4.9,3.31,4.56,2.14,1A100
James,Bishop,Male,18,Moroccan,0.52,1.62,2.19,1.33,2C55
Michael,Oconnell,Female,26,Egyptian,0.33,0.3,0.39,4.2,1A100
Christopher,Stark,Male,30,Moroccan,3.19,0.28,1.73,1.93,3B88
Sydney,Burgess,Male,38,Egyptian,3.79,0.03,4.04,3.27,3B88
Elizabeth,Henderson,Male,24,Algerian,1.84,4.57,1.1,2.78,2C55
Tammy,Lopez,Female,45,Moroccan,1.56,4.27,3.26,1.4,1A100
Gary,Smith,Male,20,Malian,3.34,1.62,1.63,3.86,1A100
Julie,Gilbert,Female,37,Malian,4.77,1.67,0.11,1.11,4D20
Johnny,Walsh,Male,38,Malian,1.2,2.69,3.44,0.24,3B88
Robert,Mullins,Female,29,Moroccan,2.09,4.41,0.7,4.61,2C55
Rebecca,Williams,Female,35,Tunisian,1.23,4.54,2.98,3.22,1A100
Chad,Martinez,Male,43,Senegalese,2.55,3.38,2.91,0.89,1A100
Brett,Davis,Female,36,Algerian,2.77,1.12,3.38,4.59,1A100
Christopher,Martin,Female,34,Malian,4.76,0.17,0.97,4.17,3B88
Kenneth,Anderson,Female,27,Moroccan,4.74,2.58,2.46,0.9,1A100
Ryan,Ruiz,Female,45,Moroccan,3.21,2.68,4.75,3.78,4D20
Calvin,Walker,Female,45,Moroccan,0.23,4.84,2.71,0.98,1A100
Andrea,Smith,Female,40,Cameroonian,2.18,3.22,2.62,2.61,2C55
Benjamin,Martin,Male,43,Senegalese,1.36,4.04,1.35,2.87,4D20
Heather,Davis,Male,33,Tunisian,0.16,2.44,0.12,3.43,3B88
Heather,Jordan,Male,21,Senegalese,4.54,4.14,0.28,0.03,3B88
Kim,Sanford,Male,30,Libyan,2.17,1.98,1.38,0.33,1A100
Patricia,Delgado,Male,44,Moroccan,3.48,3.59,2.94,3.75,2C55
Todd,Murphy,Female,36,Egyptian,0.45,2.35,2.32,3.15,3B88
Michael,Black,Male,42,Libyan,3.78,4.96,2.33,4.99,2C55
David,Garrett,Male,21,Algerian,2.77,3.74,3.77,2.98,1A100
James,Thomas,Male,35,Senegalese,2.49,0.48,1.68,2.38,3B88
Christine,White,Female,32,Cameroonian,2.62,1.08,2.24,4.34,4D20
Brandon,Bean,Male,28,Cameroonian,1.72,3.39,1.17,1.88,1A100
Judith,Flynn,Female,44,Cameroonian,3.23,2.43,3.1,1.96,3B88
Elizabeth,Lee,Female,19,Senegalese,2.61,3.21,3.43,3.13,1A100
Alexis,Valentine,Male,26,Moroccan,1.78,3.6,3.86,3.43,1A100
Jonathan,Roman,Female,41,Moroccan,3.04,4.58,4.03,0.19,1A100
David,Charles,Male,39,Libyan,1.16,3.98,3.89,1.81,1A100
Paul,Rojas,Female,24,Tunisian,0.33,4.57,2.24,0.3,2C55
Jesse,Manning,Male,34,Malian,0.55,2.02,4.26,2.55,1A100
Michelle,Moore,Female,45,Algerian,3.82,1.65,0.97,4.67,2C55
Anthony,Hanson,Male,20,Senegalese,1.66,2.26,3.43,0.01,4D20
Caleb,Knight,Male,41,Egyptian,4.57,1.24,4.27,2.47,1A100
Eric,Mcdonald,Female,39,Libyan,3.07,0.79,2.17,3.16,4D20
James,Taylor,Male,35,Egyptian,0.5,2.8,3.54,4.24,3B88
Mark,Williams,Female,20,Senegalese,2.26,3.58,1.61,3.57,2C55
Michael,Bradley,Female,35,Moroccan,1.8,2.06,2.98,2.42,3B88
Shelby,Thomas,Female,26,Malian,1.08,2.07,0.99,1.89,4D20
Christopher,Diaz,Female,26,Tunisian,0.78,0.81,0.73,4.4,3B88
William,Duran,Female,18,Senegalese,1.38,2.63,1.19,0.86,1A100
Carolyn,Rivera,Male,28,Moroccan,3.79,4.39,4.82,2.17,2C55
Bryan,Foster,Female,25,Egyptian,3.67,3.51,2.89,1.13,1A100
Crystal,Hamilton,Female,25,Moroccan,4.65,1.1,3.04,2.92,2C55
Jeffrey,Johnson,Male,38,Egyptian,3.88,0.15,4.7,1.96,2C55
Virginia,Cummings,Male,26,Malian,1.3,1.51,1.92,1.68,2C55
Stacy,Washington,Female,38,Egyptian,2.12,3.49,2.58,0.08,2C55
Jacob,Chen,Female,45,Egyptian,0.55,3.69,1.46,3.85,1A100
Jose,Watson,Male,33,Libyan,1.4,0.75,3.69,1.11,4D20
Taylor,Lopez,Female,33,Libyan,4.25,0.03,1.2,0.59,3B88
Craig,George,Male,44,Tunisian,3.89,4.37,4.89,4.8,4D20
Chelsea,Cooper,Male,43,Senegalese,2.97,3.91,3.84,2.12,3B88
Timothy,Small,Male,36,Cameroonian,2.98,4.03,3.06,2.92,1A100
Michael,Pearson,Male,38,Tunisian,3.08,0.45,0.41,3.06,1A100
Jesse,Scott,Female,43,Senegalese,2.58,2.03,0.76,3.01,3B88
Jacob,Meyers,Male,32,Tunisian,4.68,1.26,1.56,1.35,4D20
Desiree,Serrano,Male,18,Malian,2.54,2.09,2.95,3.04,2C55
Maria,Smith,Female,25,Algerian,0.78,0.21,2.21,3.6,2C55
Tammy,Ingram,Male,38,Algerian,1.77,0.15,0.91,0.51,1A100
Elizabeth,Bell,Female,27,Egyptian,3.64,4.79,0.44,0.25,4D20
Jeffrey,Brown,Female,27,Libyan,2.9,1.03,0.27,3.4,2C55
Vickie,Johnson,Female,33,Malian,0.56,1.61,0.41,4.25,1A100
Andrew,Cortez,Female,23,Libyan,4.4,4.56,0.95,0.88,2C55
George,Weber,Male,42,Tunisian,0.66,2.43,1.79,3.33,4D20
James,Richardson,Female,27,Moroccan,4.16,4.08,1.85,4.39,1A100
Jon,Thomas,Male,20,Libyan,1.06,1.37,4.27,1.67,4D20
James,Williams,Female,45,Algerian,4.05,1.21,1.0,4.07,1A100
Cathy,Lee,Female,18,Malian,4.22,3.39,2.21,4.83,2C55
Karen,Archer,Male,41,Tunisian,3.01,0.39,0.06,1.32,1A100
Nicole,Wilson,Male,38,Tunisian,0.01,1.25,4.43,3.0,4D20
Kristen,Park,Female,28,Cameroonian,0.2,4.45,4.32,1.47,1A100
Meghan,Stevenson,Female,39,Senegalese,4.76,4.1,1.29,1.35,2C55
Melanie,Lloyd,Male,39,Algerian,1.16,2.33,4.26,0.67,1A100
Michael,Murphy,Male,40,Algerian,4.24,4.59,4.63,1.32,4D20
Eric,Carr,Female,29,Egyptian,3.77,4.67,0.62,2.96,2C55
Theresa,Ortiz,Male,25,Senegalese,3.36,4.19,4.75,1.81,3B88
Gary,Cole,Female,20,Malian,2.69,3.37,1.65,4.54,3B88
Sean,Mcneil,Female,27,Egyptian,2.62,4.04,0.66,3.88,2C55
Tyler,Johnston,Male,42,Malian,3.36,2.05,2.67,4.16,3B88
Corey,Casey,Male,29,Senegalese,1.27,2.5,4.96,2.87,4D20
Adam,Allison,Female,20,Cameroonian,4.28,1.58,2.24,1.11,1A100
Eugene,Goodwin,Female,31,Tunisian,1.61,3.28,2.3,3.31,3B88
Brian,Duke,Male,36,Algerian,3.39,2.66,0.15,0.58,4D20
Gary,Smith,Female,42,Malian,2.22,1.95,4.05,1.2,1A100
Patricia,Koch,Male,29,Libyan,4.14,1.74,3.11,2.79,3B88
Johnny,Roy,Female,29,Senegalese,2.86,3.54,3.84,4.78,3B88
Mary,Jones,Female,38,Egyptian,1.31,3.68,3.44,2.42,2C55
Janet,Palmer,Female,32,Cameroonian,4.03,4.82,1.06,2.33,2C55
Joel,Moyer,Female,37,Algerian,3.26,0.02,4.92,0.55,2C55
Anne,Glenn,Female,40,Libyan,1.76,0.23,2.06,3.43,4D20
Kristin,Andrews,Female,38,Libyan,4.98,1.31,3.46,4.35,1A100
Heidi,Scott,Female,33,Egyptian,0.28,0.38,1.76,1.07,1A100
Connie,Burns,Female,42,Algerian,0.53,0.18,4.09,3.11,3B88
Kara,Calhoun,Male,29,Libyan,2.21,3.29,0.68,1.16,1A100
Erin,Smith,Female,25,Senegalese,1.81,0.86,2.71,1.77,2C55
Deanna,Cunningham,Female,44,Malian,4.25,3.59,2.94,0.26,2C55
Lauren,Smith,Female,38,Algerian,1.8,4.01,3.01,2.92,3B88
Travis,Quinn,Female,40,Egyptian,1.41,0.27,2.96,0.28,2C55
Vanessa,Murray,Male,43,Tunisian,3.44,4.39,2.56,1.14,1A100
Mark,Young,Female,24,Cameroonian,3.35,2.59,3.57,4.21,1A100
David,Vasquez,Male,35,Cameroonian,0.79,1.65,1.8,1.88,4D20
Donald,Sullivan,Female,19,Algerian,0.68,0.91,3.14,2.8,3B88
Ann,Bond,Male,41,Malian,2.3,0.66,0.88,1.86,2C55
Norman,Johnson,Female,41,Tunisian,0.39,0.03,4.06,2.77,1A100
Thomas,Gardner,Female,36,Malian,2.4,4.85,0.26,4.73,4D20
Robert,Miller,Female,45,Egyptian,4.35,3.07,3.95,0.61,1A100
Sharon,Sims,Female,44,Senegalese,2.93,2.87,0.66,3.59,3B88
Crystal,Rivas,Male,22,Malian,4.71,3.21,4.3,3.08,3B88
Timothy,Harris,Male,34,Moroccan,0.13,1.18,2.32,3.93,3B88
Amanda,Saunders,Female,36,Malian,0.97,1.37,4.4,1.72,1A100
Theresa,Rowe,Female,39,Cameroonian,2.96,0.32,0.71,2.3,2C55
Autumn,Perry,Male,24,Malian,2.91,2.31,4.38,2.94,2C55
Deborah,Johnston,Female,27,Algerian,4.58,4.05,1.74,0.39,1A100
Matthew,Contreras,Female,36,Cameroonian,4.67,3.58,1.99,0.41,3B88
Dana,Gilbert,Male,36,Cameroonian,2.42,2.65,3.77,4.55,1A100
Brian,Dodson,Male,41,Algerian,0.82,1.05,1.82,4.91,2C55
Tracy,Kelly,Male,28,Cameroonian,0.91,0.97,4.21,1.54,2C55
James,White,Male,23,Moroccan,4.07,2.16,2.6,3.26,3B88
Charles,Buchanan,Female,30,Moroccan,0.41,2.07,0.06,1.35,1A100
Erik,Martinez,Male,21,Egyptian,2.88,2.62,4.19,1.39,4D20
Joel,Martinez,Male,42,Senegalese,4.92,1.93,3.41,1.33,4D20
Shawn,Beltran,Female,39,Malian,1.96,1.85,0.99,3.59,4D20
Julie,Stephens,Female,27,Libyan,0.48,1.45,4.91,1.0,4D20
Joshua,Walker,Female,30,Egyptian,1.37,3.22,0.44,1.39,4D20
Marcus,Smith,Male,37,Libyan,3.84,1.29,1.8,0.59,4D20
Kimberly,Williams,Male,36,Algerian,4.98,3.38,1.36,3.31,1A100
Michael,Sullivan,Male,19,Senegalese,4.57,0.89,0.06,1.39,3B88
Guy,Johnston,Female,42,Tunisian,2.88,1.27,1.15,2.1,1A100
William,Clark,Male,45,Moroccan,4.27,0.11,4.87,2.49,3B88
Anthony,Miller,Male,19,Algerian,2.29,4.08,0.09,3.73,1A100
Christopher,Harris,Male,43,Libyan,4.98,0.12,0.8,1.49,1A100
Shannon,Campbell,Female,43,Libyan,4.2,0.14,3.15,2.33,1A100
Wendy,Ray,Male,32,Malian,3.65,2.18,1.19,3.91,1A100
Stephen,Delgado,Male,41,Egyptian,4.34,1.21,1.16,0.62,1A100
Christopher,Carter,Male,32,Libyan,0.98,3.51,3.99,0.8,2C55
Kimberly,Cohen,Female,41,Egyptian,0.75,2.18,1.7,1.68,1A100
Mary,Wheeler,Female,23,Algerian,1.84,3.89,0.5,2.35,2C55
George,Cox,Male,39,Libyan,0.1,2.91,0.15,4.48,3B88
Richard,Hernandez,Male,20,Algerian,1.99,1.7,0.39,2.39,1A100
Sierra,Cain,Male,25,Algerian,0.29,3.56,3.97,4.65,2C55
Michael,Fletcher,Female,40,Malian,2.27,0.52,3.66,2.76,4D20
Brandon,Miller,Female,43,Libyan,0.49,0.25,4.13,3.51,1A100
Virginia,Sutton,Female,26,Cameroonian,0.83,1.05,1.96,2.08,4D20
Mary,Cabrera,Female,32,Libyan,3.08,2.7,4.41,3.03,3B88
Jessica,Adkins,Female,37,Libyan,4.06,3.76,1.52,4.58,4D20
Cody,White,Female,20,Egyptian,1.68,3.48,3.56,3.41,2C55
Susan,Leon,Male,20,Algerian,2.67,3.54,1.78,2.33,3B88
Anthony,Clark,Female,30,Algerian,0.05,1.96,2.24,4.52,1A100
Jeffrey,Silva,Male,43,Moroccan,4.42,2.2,4.0,1.76,2C55
Keith,Smith,Male,26,Moroccan,0.88,4.94,3.2,2.78,3B88
Hector,Schneider,Female,40,Moroccan,4.43,1.94,0.88,3.77,1A100
Molly,Smith,Male,23,Malian,2.14,3.14,1.47,2.3,3B88
Yolanda,Mclean,Male,37,Moroccan,4.01,1.77,4.06,0.54,1A100
Christina,Torres,Female,45,Egyptian,1.38,3.44,0.61,3.46,3B88
Tiffany,Cowan,Female,34,Egyptian,1.62,1.63,2.84,3.12,2C55
Hayley,Brooks,Male,30,Moroccan,4.67,0.81,3.49,1.38,1A100
Antonio,Ruiz,Female,23,Cameroonian,0.25,1.58,2.53,1.67,1A100
Russell,Robles,Male,26,Egyptian,4.38,1.14,1.27,2.31,2C55
Denise,Rodgers,Female,19,Egyptian,0.49,3.45,4.41,0.87,3B88
Maria,Best,Male,42,Moroccan,4.87,2.84,1.82,0.59,1A100
Brandy,Lee,Male,29,Egyptian,2.3,0.36,1.27,0.38,4D20
Michael,Yang,Female,42,Cameroonian,2.19,0.92,0.95,4.12,2C55
Crystal,Bond,Female,36,Algerian,0.7,2.78,4.12,1.05,4D20
Erika,Larson,Male,40,Egyptian,3.68,2.32,1.71,2.19,1A100
Gregory,Williams,Male,40,Tunisian,0.12,2.1,0.37,2.75,3B88
Ashley,Richards,Male,43,Moroccan,3.96,4.46,1.33,2.41,1A100
Daniel,Esparza,Male,43,Cameroonian,1.14,2.93,1.69,2.88,2C55
Jennifer,Nelson,Female,44,Libyan,1.08,1.68,3.52,0.05,1A100
Brian,Owens,Female,41,Libyan,0.95,0.03,2.75,4.13,3B88
James,Jordan,Female,23,Senegalese,3.12,0.45,2.43,0.19,1A100
Andrew,Lopez,Male,18,Tunisian,4.58,4.07,4.74,0.99,4D20
Zachary,Lawrence,Male,34,Moroccan,4.05,4.47,4.21,3.81,1A100
David,Wagner,Male,43,Egyptian,2.46,4.98,3.73,0.37,3B88
Jason,Barrett,Male,23,Moroccan,1.91,1.22,4.76,3.59,1A100
Linda,Friedman,Male,40,Egyptian,1.74,2.18,0.42,2.78,1A100
Carrie,Rhodes,Female,41,Libyan,0.99,1.38,1.83,0.97,3B88
Stephanie,Tate,Female,35,Libyan,3.21,2.79,4.27,4.11,1A100
William,Brown,Male,40,Tunisian,1.04,4.72,1.98,2.23,4D20
Sabrina,Brown,Female,25,Egyptian,4.62,4.5,0.33,0.99,4D20
Vanessa,Greer,Male,45,Algerian,3.66,0.75,4.6,2.19,3B88
Jennifer,Douglas,Male,22,Libyan,1.73,3.73,0.55,0.97,4D20
Stephanie,Howell,Male,38,Senegalese,3.44,3.51,2.53,3.44,1A100
Daniel,Winters,Female,37,Cameroonian,2.32,0.47,0.23,4.62,4D20
Julie,Allen,Male,21,Malian,4.35,1.67,3.21,4.4,4D20
Tina,Reese,Male,22,Senegalese,3.26,1.9,4.18,3.05,3B88
Brian,Flores,Male,20,Tunisian,1.31,3.15,2.31,2.23,1A100
Caroline,Hall,Female,25,Egyptian,1.5,3.38,0.45,2.54,3B88
Kimberly,Lewis,Female,37,Malian,3.84,2.56,3.03,3.54,3B88
Monica,Perez,Female,38,Cameroonian,0.63,0.84,0.77,3.6,1A100
Emily,Estrada,Female,34,Moroccan,0.29,3.28,4.4,3.71,2C55
James,Wilson,Male,39,Egyptian,3.63,0.98,3.17,1.87,2C55
Katherine,Walker,Male,34,Libyan,0.32,2.16,1.47,1.1,4D20
Jacqueline,Simpson,Female,21,Moroccan,0.38,1.19,2.61,4.46,4D20
Brenda,Love,Male,41,Malian,0.69,0.76,0.38,2.22,4D20
Emily,Cooper,Female,18,Algerian,1.43,1.93,4.18,3.23,4D20
George,Olson,Female,38,Malian,1.92,2.09,1.14,4.05,2C55
Savannah,Williams,Female,28,Senegalese,4.42,0.58,0.5,4.95,3B88
Brenda,Fletcher,Male,30,Moroccan,2.21,0.13,2.08,1.71,2C55
Joanne,Dixon,Female,20,Tunisian,2.24,3.93,1.9,0.64,4D20
Joan,Moyer,Male,21,Moroccan,2.63,4.64,1.49,2.06,2C55
Stephanie,Reyes,Male,22,Algerian,2.97,4.78,0.05,3.84,2C55
Rebecca,Johnston,Female,40,Algerian,3.5,2.89,0.41,1.5,2C55
Nicholas,Goodwin,Female,26,Libyan,3.96,0.42,1.92,0.13,2C55
Brett,Cabrera,Male,29,Algerian,2.11,3.38,3.69,1.05,1A100
Kelly,Ritter,Male,24,Egyptian,0.12,2.31,0.99,4.99,4D20
Joshua,Valdez,Male,18,Senegalese,2.99,0.88,2.1,2.12,3B88
Thomas,Jones,Male,24,Cameroonian,1.47,4.13,3.76,2.38,3B88
Kevin,Wood,Male,30,Moroccan,4.1,4.92,2.72,1.58,3B88
Dennis,Taylor,Male,18,Algerian,3.8,0.03,1.23,2.53,4D20
Jeffrey,Burton,Female,25,Libyan,1.36,3.66,3.62,1.33,3B88
Hunter,Lopez,Female,25,Egyptian,2.95,3.71,4.49,4.94,3B88
Mary,Johnson,Male,25,Algerian,2.71,2.94,1.2,2.89,3B88
Maria,Jackson,Male,44,Senegalese,4.58,4.64,4.46,0.49,3B88
Anita,Morrison,Male,39,Tunisian,1.93,2.73,4.99,4.73,1A100
Todd,Brown,Male,29,Senegalese,3.0,1.29,1.0,1.62,2C55
Troy,Torres,Male,18,Libyan,1.47,3.29,0.63,2.66,4D20
Tina,Powers,Female,18,Senegalese,3.42,1.65,3.11,4.43,1A100
Nathan,Day,Male,20,Malian,1.13,4.97,3.72,2.99,3B88
Connor,Stewart,Male,34,Senegalese,0.08,2.79,2.23,1.81,4D20
Christopher,Hawkins,Male,22,Algerian,3.64,0.71,0.21,4.63,4D20
Kevin,Thompson,Female,23,Moroccan,4.79,2.65,3.12,1.9,1A100
Vincent,Jones,Female,38,Algerian,3.05,2.71,0.38,2.14,2C55
Joe,Nichols,Female,40,Moroccan,4.53,2.27,2.11,0.95,3B88
James,Contreras,Male,40,Cameroonian,1.61,1.52,0.93,2.18,3B88
Ruben,Adkins,Female,37,Malian,0.81,2.09,3.54,2.61,4D20
Evan,Berg,Female,22,Algerian,2.95,4.59,2.08,0.67,1A100
Lisa,Peterson,Female,30,Cameroonian,0.59,1.46,1.51,3.21,2C55
Kellie,Lee,Male,37,Moroccan,0.74,2.62,3.62,3.1,3B88
Eric,Patel,Female,38,Tunisian,1.66,2.15,2.11,0.52,1A100
Ashley,Henderson,Male,40,Egyptian,1.29,4.68,4.62,0.93,1A100
Patricia,Burton,Male,41,Algerian,2.27,0.73,4.17,4.17,1A100
Wayne,Roach,Male,43,Algerian,3.49,1.42,3.2,0.12,1A100
Robin,King,Male,27,Algerian,4.16,3.0,2.47,4.65,3B88
Sarah,Martin,Male,45,Senegalese,4.23,1.32,3.09,0.79,3B88
Heather,Dawson,Female,42,Malian,1.17,2.4,1.52,4.1,2C55
Melanie,Reed,Male,38,Egyptian,2.26,3.49,4.07,2.66,4D20
Travis,Robinson,Male,21,Algerian,2.76,0.64,3.63,3.05,1A100
Leslie,Li,Male,24,Libyan,1.38,3.11,4.73,1.12,4D20
Steven,Franklin,Male,30,Algerian,3.19,1.67,0.21,3.07,1A100
Sara,Montgomery,Female,22,Malian,2.45,2.94,0.33,4.78,2C55
Daniel,Welch,Female,38,Libyan,2.15,1.54,2.39,0.09,2C55
Leslie,Bennett,Male,20,Algerian,4.18,2.46,0.63,3.43,1A100
Sarah,Sanchez,Male,38,Senegalese,1.99,0.06,2.66,1.66,2C55
Aaron,White,Female,44,Malian,3.05,0.36,0.14,3.96,2C55
Tamara,Miranda,Female,18,Egyptian,1.64,1.6,0.66,3.62,3B88
Christine,Rodriguez,Female,24,Egyptian,3.02,0.91,2.22,1.42,1A100
Stephen,Nunez,Male,27,Tunisian,1.94,4.0,4.74,3.14,1A100
Hannah,Ross,Male,44,Egyptian,4.94,1.07,4.45,1.7,3B88
Mark,Jones,Male,43,Egyptian,1.04,0.73,0.41,2.2,4D20
John,Harrison,Female,36,Libyan,4.18,1.41,2.29,3.59,3B88
Christopher,Williams,Female,25,Senegalese,3.28,4.24,2.58,2.81,3B88
Jeremiah,Hawkins,Female,37,Algerian,3.33,1.6,1.13,0.04,1A100
Mckenzie,Kent,Female,23,Tunisian,0.25,1.4,4.91,1.37,1A100
Robert,Brown,Male,23,Algerian,4.15,2.32,2.65,3.84,2C55
Peter,Norton,Female,31,Tunisian,0.22,1.85,2.83,2.14,4D20
Ann,Morales,Female,29,Algerian,4.65,4.36,3.11,3.85,3B88
Justin,Gilbert,Male,18,Egyptian,1.75,1.98,2.64,3.6,4D20
Gregory,Haley,Female,28,Algerian,2.11,4.8,3.6,3.39,1A100
Richard,Solis,Male,30,Malian,0.79,1.1,4.03,3.22,1A100
Dana,Oconnor,Female,21,Malian,3.66,0.23,2.11,2.86,2C55
Jasmin,Wilkins,Female,38,Cameroonian,1.54,3.01,4.27,3.84,1A100
Penny,Walker,Female,23,Libyan,1.4,3.63,4.66,4.89,4D20
Michele,Branch,Male,33,Malian,1.06,3.93,3.19,2.5,2C55
Beverly,Cooley,Female,26,Malian,1.48,4.17,4.59,0.03,4D20
Erin,Oneill,Female,20,Algerian,2.14,2.97,1.67,4.48,1A100
Angela,Cherry,Female,41,Moroccan,2.83,2.29,4.1,1.28,1A100
Michael,Hall,Male,18,Senegalese,3.61,4.15,2.35,2.32,2C55
James,Warner,Female,25,Algerian,1.17,3.05,0.83,1.26,1A100
Brandi,Macdonald,Female,22,Egyptian,0.6,1.35,2.78,1.0,2C55
Beth,Edwards,Female,20,Algerian,1.48,2.61,1.06,3.09,3B88
Christina,Hamilton,Female,23,Algerian,2.84,2.58,1.48,1.63,4D20
Brandy,Reyes,Male,28,Algerian,4.82,2.7,1.09,4.37,2C55
Michael,Mitchell,Female,43,Cameroonian,4.31,1.16,2.56,2.65,1A100
Heather,Rose,Male,28,Egyptian,4.78,0.71,4.09,3.01,4D20
Autumn,Peters,Male,30,Egyptian,3.79,1.85,1.24,3.1,2C55
Emily,Woods,Female,18,Libyan,4.1,3.57,0.93,3.7,2C55
Edward,Bryan,Female,31,Malian,0.91,3.45,2.18,3.66,2C55
Rebecca,Jimenez,Female,26,Cameroonian,1.41,1.4,1.38,1.21,4D20
Melvin,Ferguson,Male,26,Moroccan,3.05,4.18,3.03,4.25,1A100
Michael,Scott,Male,23,Malian,3.79,2.41,0.92,2.58,4D20
William,Guzman,Male,30,Cameroonian,1.41,0.87,1.55,4.78,3B88
Erin,Weber,Female,36,Malian,4.93,4.91,4.97,0.08,3B88
Douglas,Baker,Female,37,Tunisian,2.0,3.49,3.43,3.29,4D20
William,Miller,Female,24,Cameroonian,1.33,0.06,4.44,3.78,1A100
Benjamin,Holmes,Male,41,Libyan,3.37,4.7,4.11,0.35,1A100
Theresa,Alexander,Male,41,Algerian,4.86,3.77,3.75,1.55,4D20
Alexa,Carter,Female,44,Libyan,3.32,3.04,1.59,3.21,2C55
Rebecca,Fischer,Female,18,Senegalese,1.51,0.03,4.55,2.13,1A100
Karina,Moore,Female,39,Moroccan,0.34,2.27,2.99,3.5,1A100
Don,Vasquez,Female,37,Cameroonian,0.14,0.97,3.31,3.76,3B88
Christian,Nelson,Female,44,Cameroonian,3.09,1.05,4.63,4.31,2C55
Ryan,Stephens,Female,24,Libyan,3.05,2.89,4.08,3.24,3B88
Alexis,Powell,Male,42,Moroccan,3.82,0.93,1.71,1.2,2C55
Jason,Thompson,Male,30,Senegalese,2.59,2.51,1.26,2.04,3B88
Jimmy,Cooley,Male,18,Libyan,4.64,4.7,3.34,0.97,1A100
Amanda,Hutchinson,Female,35,Cameroonian,3.95,1.34,3.8,1.07,3B88
Carolyn,Farley,Female,28,Cameroonian,0.19,0.37,3.88,4.29,4D20
Kristen,Chavez,Female,44,Cameroonian,0.8,3.98,0.34,0.99,2C55
Timothy,Wilson,Female,27,Senegalese,0.28,1.0,2.18,1.11,4D20
Drew,Anderson,Female,20,Tunisian,2.64,2.53,4.5,0.89,1A100
Katherine,Stevenson,Male,20,Malian,3.68,3.25,1.77,3.46,4D20
Karen,Maldonado,Female,31,Senegalese,1.1,0.52,1.96,2.32,3B88
Robert,Figueroa,Male,45,Cameroonian,4.87,3.33,0.88,1.31,2C55
Colton,Gonzalez,Female,35,Senegalese,3.63,3.51,4.47,3.67,3B88
Donald,Cochran,Female,24,Moroccan,2.27,2.56,4.71,2.24,2C55
Brooke,Rogers,Male,38,Egyptian,1.72,0.93,2.55,0.08,4D20
Duane,Fritz,Female,28,Tunisian,1.35,2.06,4.13,3.62,2C55
Caroline,Myers,Female,26,Moroccan,1.94,4.19,3.68,3.82,4D20
Judy,Lewis,Male,31,Malian,3.15,2.61,3.87,3.51,1A100
Crystal,Cochran,Male,26,Malian,0.01,4.6,0.65,0.38,2C55
Jennifer,Singleton,Female,30,Malian,2.0,2.7,0.96,3.1,4D20
Catherine,Glover,Male,45,Malian,2.47,4.56,3.86,4.15,3B88
Aaron,Cunningham,Female,36,Tunisian,0.87,4.09,0.64,0.07,4D20
Joseph,Palmer,Female,20,Moroccan,2.04,3.6,0.95,1.33,4D20
Brooke,Lynn,Female,19,Libyan,4.47,0.26,2.26,4.14,4D20
Gregory,James,Female,18,Tunisian,2.22,0.15,2.15,2.73,3B88
Jesse,Smith,Male,19,Algerian,4.27,4.13,4.1,3.01,1A100
Kelly,Lawrence,Male,42,Tunisian,2.94,2.78,3.06,0.68,4D20
Jeffrey,Erickson,Female,24,Malian,3.41,4.62,4.22,2.5,3B88
Kathy,Powers,Female,34,Malian,1.06,1.24,2.59,0.51,1A100
Natasha,Nguyen,Male,35,Libyan,3.51,3.21,2.42,0.59,4D20
Sarah,Gilmore,Male,23,Malian,4.47,1.7,4.66,0.7,4D20
Gloria,Massey,Female,27,Algerian,1.16,1.62,3.96,4.31,1A100
Mark,Martin,Male,41,Libyan,1.0,4.57,1.35,1.97,2C55
Robin,Ortiz,Male,24,Algerian,1.35,4.64,3.5,2.9,4D20
Mia,Walker,Male,43,Moroccan,3.58,4.88,0.37,0.28,4D20
Jennifer,Baker,Female,35,Senegalese,2.75,2.76,1.53,1.25,2C55
Rachel,Smith,Male,33,Algerian,4.71,3.16,0.57,3.36,1A100
Scott,Moore,Male,35,Tunisian,1.47,4.09,1.05,0.51,1A100
Julia,Perez,Male,35,Libyan,1.45,1.82,2.48,0.74,4D20
Peggy,Guerrero,Female,25,Libyan,2.98,4.83,1.19,1.24,3B88
Danielle,Brewer,Male,44,Tunisian,2.08,0.45,2.67,0.82,4D20
Todd,Brown,Male,25,Egyptian,1.78,3.32,4.24,0.01,4D20
John,Alvarez,Male,19,Egyptian,1.52,0.35,4.06,1.76,1A100
Amanda,Marsh,Female,34,Moroccan,3.27,4.98,1.46,4.29,3B88
Jennifer,Banks,Male,43,Moroccan,1.01,0.3,0.28,1.48,4D20
Steven,Lopez,Female,43,Senegalese,2.28,3.23,1.42,1.78,1A100
Brian,Davis,Female,28,Senegalese,1.06,1.57,3.17,4.39,1A100
Amber,Roberts,Female,32,Senegalese,2.97,0.91,2.26,0.38,2C55
Cynthia,Brown,Female,27,Algerian,3.48,4.58,4.74,4.91,3B88
Alison,Hernandez,Female,28,Egyptian,2.11,2.54,3.88,2.33,3B88
Susan,Allen,Female,33,Algerian,2.09,4.67,3.85,3.82,1A100
Amy,Ortiz,Female,39,Malian,0.51,0.99,0.21,1.65,4D20
David,Wood,Female,42,Cameroonian,0.39,2.48,4.35,3.55,1A100
Eddie,Guerrero,Female,33,Algerian,1.65,3.3,4.7,4.33,3B88
Lisa,Levy,Female,33,Egyptian,1.95,3.81,2.31,2.89,1A100
Andrew,Sanchez,Female,20,Moroccan,1.0,4.5,3.11,4.38,3B88
Megan,Hoffman,Male,26,Libyan,2.87,2.47,2.12,3.41,4D20
Laura,Montoya,Female,34,Moroccan,3.64,3.5,4.26,4.5,4D20
Danielle,Castillo,Male,33,Egyptian,4.25,3.89,0.15,2.26,2C55
Jose,Campbell,Female,22,Malian,0.09,0.45,2.73,0.0,1A100
Melissa,Taylor,Male,29,Algerian,0.58,3.4,2.35,4.51,1A100
Shaun,Ford,Female,43,Egyptian,4.47,0.7,0.93,4.95,2C55
Kimberly,Perez,Male,38,Malian,1.71,3.72,4.53,1.2,3B88
Richard,Castro,Male,38,Egyptian,0.57,0.74,4.44,2.73,1A100
Larry,Robinson,Male,33,Egyptian,4.88,0.99,0.43,3.54,1A100
Theresa,Martin,Female,37,Egyptian,4.56,0.37,3.93,4.66,4D20
Seth,Garcia,Female,32,Cameroonian,0.44,2.82,4.07,4.64,1A100
Brittney,Riley,Male,35,Egyptian,1.45,1.1,4.92,3.91,3B88
Kayla,Baker,Female,37,Tunisian,3.86,3.05,3.42,4.31,3B88
Marcus,Lyons,Male,35,Moroccan,0.65,1.45,4.19,0.55,2C55
Elizabeth,Mann,Female,37,Senegalese,4.03,0.94,1.99,3.15,3B88
Guy,Rush,Female,23,Libyan,1.49,0.71,3.5,1.82,4D20
Miguel,Cuevas,Female,34,Tunisian,3.06,3.14,1.45,4.58,4D20
Dana,Stevens,Male,27,Algerian,2.9,4.88,2.97,3.12,3B88
James,Landry,Female,35,Libyan,3.59,3.47,0.4,2.24,4D20
Donna,Fisher,Male,26,Cameroonian,4.27,0.98,0.73,0.47,2C55
Michelle,Landry,Female,21,Cameroonian,0.87,3.4,3.33,1.48,4D20
Philip,Smith,Female,37,Algerian,3.09,2.31,4.14,2.79,2C55
Jeffrey,Smith,Male,34,Tunisian,4.69,2.17,3.49,4.07,2C55
Jenny,Williams,Female,27,Moroccan,4.36,4.79,0.59,1.31,2C55
Kevin,Mata,Male,26,Malian,3.69,1.09,0.24,3.76,3B88
Paige,Hughes,Female,22,Algerian,0.37,2.68,4.41,4.25,1A100
Lisa,Austin,Female,26,Senegalese,1.65,2.42,2.03,2.18,2C55
Lisa,Dalton,Female,29,Cameroonian,0.34,3.97,0.76,2.24,1A100
Justin,Murphy,Male,41,Malian,0.78,1.15,2.76,1.38,4D20
Linda,Park,Female,36,Malian,0.08,4.87,1.27,1.17,3B88
Todd,Lara,Female,28,Senegalese,2.24,1.23,1.59,1.26,3B88
Sharon,Taylor,Female,18,Cameroonian,2.49,3.41,4.31,2.47,4D20
Kaylee,Gutierrez,Female,39,Algerian,4.06,0.85,3.49,3.46,2C55
Joshua,Hurst,Male,36,Tunisian,1.35,4.01,4.09,1.37,2C55
Kelsey,Mcconnell,Female,40,Libyan,2.83,1.02,3.99,2.22,1A100
Shannon,Sawyer,Female,40,Algerian,4.71,2.3,3.1,3.38,4D20
Cindy,Lowe,Male,43,Moroccan,2.4,2.81,1.51,0.48,1A100
Nicole,Barber,Male,41,Senegalese,1.49,1.12,0.72,4.51,4D20
Christopher,Russell,Male,29,Algerian,0.68,3.31,3.19,3.66,2C55
Tracy,Johnson,Female,22,Cameroonian,3.53,3.67,0.08,1.44,2C55
Anna,Mcgee,Male,35,Tunisian,1.34,4.59,4.81,2.23,2C55
Lindsay,Bentley,Male,28,Algerian,0.71,3.81,0.46,3.98,2C55
David,Ramirez,Female,24,Senegalese,2.79,3.77,2.57,3.95,1A100
Ashlee,Heath,Male,43,Libyan,0.04,1.0,2.06,4.53,2C55
Stephen,Heath,Male,32,Algerian,4.22,4.37,4.93,4.19,4D20
Brian,Cole,Male,45,Libyan,0.84,1.47,2.37,3.49,2C55
Sabrina,Cameron,Male,27,Tunisian,4.62,3.46,3.37,4.15,1A100
Taylor,Garza,Male,43,Malian,4.15,3.29,4.68,1.61,3B88
Andrew,Edwards,Male,18,Moroccan,0.97,1.73,4.54,2.89,1A100
Patricia,Vance,Male,32,Moroccan,3.84,3.63,3.55,2.6,4D20
Zachary,Maxwell,Male,26,Tunisian,1.69,3.21,2.99,3.53,2C55
Stephen,Garner,Male,38,Tunisian,1.97,3.22,2.32,4.3,1A100
Bryan,George,Male,27,Algerian,0.87,0.93,2.2,2.91,3B88
Laura,Chen,Female,35,Moroccan,3.71,4.4,1.85,0.3,1A100
Amanda,Hunt,Male,36,Tunisian,4.38,0.75,3.21,2.66,3B88
David,Whitaker,Female,21,Egyptian,2.56,3.28,2.26,4.57,1A100
David,Knight,Male,40,Moroccan,3.28,4.32,0.21,1.31,1A100
Heather,Russell,Male,19,Malian,0.66,2.53,0.14,0.18,1A100
Barry,Delgado,Female,18,Cameroonian,0.19,2.39,3.91,0.24,2C55
Tonya,Burns,Male,44,Algerian,0.46,2.2,3.1,1.95,4D20
Michael,Mullins,Male,45,Cameroonian,0.26,2.75,2.13,4.52,4D20
Jennifer,Long,Male,30,Senegalese,0.97,3.96,2.61,0.95,1A100
William,Riley,Male,26,Libyan,2.55,1.7,2.01,4.2,1A100
Patrick,Baker,Female,23,Tunisian,0.67,1.14,1.44,1.47,3B88
Michael,Cooper,Male,29,Algerian,4.71,1.06,2.51,3.5,2C55
Amanda,Brown,Male,39,Moroccan,3.93,3.78,1.87,4.7,1A100
Theresa,Mendez,Male,18,Malian,2.64,1.92,0.16,0.96,4D20
Henry,Waters,Female,39,Libyan,2.35,4.99,4.63,1.51,3B88
Joan,Gonzales,Male,22,Cameroonian,2.8,4.46,2.37,3.1,1A100
Darlene,Mills,Male,38,Cameroonian,2.47,3.44,2.81,2.65,2C55
Caroline,Garcia,Female,21,Cameroonian,4.2,4.42,0.06,4.76,3B88
Larry,Ryan,Male,39,Cameroonian,1.9,3.17,3.29,0.66,1A100
Gerald,Smith,Male,42,Tunisian,1.34,4.49,0.97,0.4,2C55
Tracy,Gray,Female,33,Senegalese,2.68,0.93,3.17,1.75,2C55
John,Allen,Female,43,Algerian,1.54,1.43,4.2,4.77,3B88
Melinda,Morton,Female,25,Algerian,3.81,0.13,2.54,1.85,3B88
Alexander,Stone,Male,33,Senegalese,4.18,3.64,1.83,2.61,1A100
Jocelyn,Phillips,Female,41,Malian,4.87,0.76,0.15,4.01,3B88
Alexander,Willis,Female,37,Algerian,2.0,3.4,3.37,4.7,3B88
Megan,Robertson,Male,37,Malian,2.48,3.38,0.41,0.01,2C55
Theresa,Gordon,Male,19,Tunisian,2.01,0.67,3.44,3.58,3B88
Kim,Warren,Male,44,Malian,1.57,1.29,2.81,1.53,4D20
Evan,Bell,Male,33,Libyan,0.65,2.44,0.54,1.07,2C55
Joe,Green,Female,29,Libyan,3.63,0.49,2.71,3.88,2C55
Toni,Williams,Female,31,Moroccan,3.37,4.87,2.98,3.52,3B88
Hannah,Chaney,Male,37,Malian,0.76,2.51,4.11,4.1,1A100
Scott,Smith,Male,19,Malian,3.03,4.48,4.17,0.03,4D20
Rachel,Page,Female,41,Libyan,4.39,3.35,2.82,1.17,2C55
George,Lucas,Male,45,Senegalese,0.6,2.02,1.6,2.98,2C55
Nicholas,Reyes,Male,28,Egyptian,0.23,2.0,2.41,1.16,1A100
Cristian,Hayes,Male,22,Algerian,2.93,1.41,4.31,3.09,2C55
Jason,Gallegos,Male,36,Senegalese,3.99,4.02,2.04,4.24,3B88
Bethany,Pratt,Male,42,Tunisian,1.55,3.71,4.27,3.88,3B88
Ian,Vaughn,Female,26,Algerian,3.05,0.76,4.31,2.25,3B88
Danielle,Mcgrath,Female,19,Libyan,1.42,4.83,2.5,2.8,2C55
Charles,Kennedy,Female,34,Cameroonian,0.03,1.05,4.46,3.34,4D20
Kelly,Glenn,Male,44,Egyptian,1.86,0.78,2.27,1.06,4D20
Adam,Chase,Female,45,Cameroonian,1.15,2.33,2.66,1.07,4D20
Kyle,Brown,Male,25,Tunisian,0.11,1.67,3.05,4.5,3B88
Regina,Mercado,Male,31,Moroccan,3.31,3.08,0.17,1.72,2C55
Derrick,Rodriguez,Female,36,Egyptian,0.13,3.19,1.92,2.23,1A100
Maurice,Norris,Female,25,Senegalese,3.02,3.64,2.55,1.51,1A100
Jesse,Mckinney,Male,25,Tunisian,2.18,2.98,0.85,1.42,2C55
Catherine,Hanna,Female,40,Libyan,0.98,0.88,2.93,3.69,1A100
Wendy,Hamilton,Female,41,Algerian,0.51,3.03,1.14,0.79,3B88
Jennifer,Trujillo,Female,37,Algerian,2.16,2.0,4.91,2.5,3B88
Nicholas,Glover,Male,27,Cameroonian,0.01,4.2,1.42,4.97,3B88
Ashley,Romero,Male,37,Moroccan,1.16,4.31,4.1,3.01,3B88
Sean,Smith,Female,31,Senegalese,4.89,4.56,0.95,3.23,3B88
Anna,Melendez,Female,35,Algerian,2.78,4.4,0.11,1.79,4D20
Robert,Glenn,Male,38,Cameroonian,0.05,2.21,1.75,0.86,1A100
Corey,Moore,Female,27,Algerian,3.74,2.5,3.64,2.62,2C55
Meredith,Kemp,Female,31,Moroccan,2.24,1.66,3.53,0.59,2C55
Christopher,Hall,Female,33,Cameroonian,2.37,1.28,2.35,1.82,2C55
Monique,Sheppard,Female,31,Malian,2.19,2.52,2.65,0.57,1A100
Jessica,Harris,Female,42,Malian,0.51,2.25,3.44,2.68,4D20
Tara,Hatfield,Male,29,Egyptian,4.1,3.85,0.7,2.72,4D20
Jason,Rodriguez,Female,35,Algerian,1.27,2.61,4.41,4.59,4D20
Jennifer,Baker,Male,26,Egyptian,2.99,1.59,1.56,0.98,2C55
Brittany,Leblanc,Female,21,Moroccan,1.48,3.48,2.55,1.1,1A100
Heather,Rose,Female,41,Tunisian,3.13,0.89,2.07,3.43,4D20
Keith,Acosta,Female,22,Libyan,0.08,1.1,1.66,2.09,1A100
Kimberly,Freeman,Female,25,Tunisian,3.48,2.72,3.3,0.58,2C55
Sonya,Turner,Female,31,Egyptian,4.24,2.65,0.48,1.0,3B88
Mary,Jackson,Male,19,Malian,2.92,4.93,4.72,3.9,2C55
Jeremy,Clements,Male,37,Tunisian,0.98,1.61,0.24,4.51,2C55
Brandon,Hodge,Male,34,Algerian,3.34,2.79,3.45,1.37,2C55
Teresa,Wagner,Female,20,Moroccan,3.42,0.46,2.86,1.89,3B88
Johnny,Snyder,Male,27,Malian,3.21,3.9,0.06,1.53,4D20
Eric,Vazquez,Female,25,Senegalese,2.45,2.49,3.04,3.77,3B88
Stephen,Davidson,Male,42,Tunisian,2.96,3.03,0.97,2.2,1A100
Shelby,Farrell,Female,26,Libyan,3.14,1.27,2.94,2.27,2C55
Cassandra,Burns,Female,44,Libyan,2.51,1.63,4.34,1.6,3B88
April,Hicks,Male,45,Libyan,4.12,1.78,1.78,4.99,2C55
Nicole,Bennett,Male,31,Tunisian,3.24,1.24,3.48,2.93,3B88
Traci,Gonzalez,Male,36,Cameroonian,3.53,1.43,2.47,3.28,1A100
Victoria,Lee,Female,26,Tunisian,3.71,0.34,2.76,0.6,2C55
Craig,Scott,Male,20,Moroccan,1.66,3.51,0.2,3.21,3B88
Tristan,Knight,Male,22,Egyptian,0.59,2.4,0.73,2.6,3B88
Justin,Blackwell,Female,44,Libyan,3.48,1.01,4.45,1.85,2C55
Andrew,Hernandez,Male,44,Egyptian,3.77,0.17,3.72,4.75,2C55
Laura,Griffin,Male,41,Algerian,3.05,2.18,0.22,0.0,4D20
James,Wyatt,Female,19,Cameroonian,0.42,2.67,0.15,1.44,4D20
Pamela,Bowman,Female,45,Cameroonian,1.27,1.61,1.35,2.24,4D20
Richard,Roberts,Female,21,Algerian,0.84,1.45,0.27,4.3,3B88
Jessica,Bradley,Female,27,Moroccan,0.1,2.53,0.67,3.29,3B88
Dylan,Wheeler,Female,45,Senegalese,1.35,1.23,3.14,4.82,4D20
Matthew,Hines,Female,45,Egyptian,3.67,2.85,0.55,1.95,3B88
Sharon,Hatfield,Male,24,Algerian,0.04,0.19,0.03,3.68,1A100
Daniel,George,Male,36,Tunisian,1.84,3.25,3.12,4.31,4D20
Steven,Wilson,Male,36,Cameroonian,4.37,2.65,3.72,3.49,2C55
Martin,Armstrong,Female,32,Tunisian,2.82,2.0,0.77,3.22,2C55
Kelly,Campbell,Female,21,Tunisian,3.74,3.47,1.06,0.32,3B88
Jeffrey,Parker,Male,42,Senegalese,1.28,0.7,3.94,0.12,3B88
Roger,Rios,Female,20,Malian,0.22,0.17,0.3,0.25,1A100
Maureen,Love,Female,31,Libyan,1.34,3.48,1.36,1.08,1A100
Sara,White,Female,36,Libyan,4.46,2.73,3.99,0.47,3B88
Keith,Hubbard,Female,38,Cameroonian,1.04,4.0,2.33,0.39,4D20
Christopher,Luna,Female,45,Malian,2.86,1.73,1.07,2.08,4D20
Alicia,Nunez,Male,18,Moroccan,1.2,4.95,2.75,0.24,4D20
Jessica,Johnson,Female,40,Moroccan,4.61,0.28,1.45,3.5,2C55
Mark,Edwards,Male,19,Egyptian,3.91,3.74,4.01,4.77,1A100
Sarah,Schneider,Male,43,Senegalese,1.28,4.47,3.86,3.63,1A100
Adam,Porter,Male,20,Malian,4.31,0.89,4.37,3.14,2C55
Bridget,Barron,Female,25,Tunisian,3.44,2.21,2.57,3.26,2C55
Joe,Patterson,Female,20,Algerian,1.12,0.26,0.51,2.43,4D20
Jeffrey,Alvarado,Male,25,Moroccan,2.99,0.96,0.78,4.4,2C55
Joshua,Santiago,Male,38,Tunisian,1.37,1.23,0.23,3.53,2C55
Kevin,Weber,Female,35,Tunisian,1.92,4.05,1.35,3.39,3B88
Teresa,Allen,Female,25,Senegalese,4.18,3.75,1.85,0.15,4D20
Daniel,George,Female,18,Senegalese,4.29,2.34,3.48,1.89,4D20
Curtis,Rice,Male,32,Cameroonian,2.32,0.96,2.28,3.32,1A100
Kenneth,Rodriguez,Male,38,Malian,4.15,4.58,1.31,3.6,2C55
Kiara,Armstrong,Female,35,Malian,0.17,4.34,0.1,4.7,4D20
Erica,Fletcher,Female,41,Egyptian,1.12,3.65,2.84,2.57,3B88
Timothy,Sharp,Male,24,Libyan,3.05,4.58,0.93,2.5,1A100
Kevin,Hensley,Female,28,Libyan,1.86,0.27,4.83,1.72,3B88
David,Roberts,Male,36,Libyan,4.86,0.43,0.27,3.69,1A100
Diane,Johnson,Male,33,Libyan,3.84,3.96,4.86,1.56,4D20
Gabrielle,Hammond,Female,25,Senegalese,3.55,1.33,4.6,2.46,3B88
Matthew,Kirk,Female,29,Moroccan,3.85,2.19,3.16,4.76,3B88
Adam,Potter,Male,26,Senegalese,0.53,4.84,3.28,1.95,4D20
Gene,Perez,Male,40,Senegalese,0.88,3.02,3.22,3.22,3B88
Paul,Berry,Female,44,Moroccan,0.91,3.97,1.48,4.57,1A100
Kathy,White,Female,26,Algerian,2.01,2.06,2.08,3.64,1A100
Dawn,Williams,Male,44,Cameroonian,4.68,0.8,1.94,2.87,2C55
Diana,Lindsey,Female,36,Algerian,1.67,3.22,2.84,2.1,4D20
Michael,Wood,Male,34,Egyptian,1.85,1.31,1.17,2.81,3B88
Linda,Mendoza,Female,20,Libyan,3.92,1.83,0.19,4.57,2C55
Connor,Bennett,Female,20,Malian,0.81,3.85,2.08,2.83,2C55
Mariah,Hatfield,Male,21,Cameroonian,1.17,1.33,3.72,4.75,3B88
Julie,Hernandez,Male,41,Tunisian,0.57,0.53,0.16,1.51,4D20
Brian,Burnett,Male,45,Moroccan,3.74,0.32,4.78,4.84,3B88
Erica,Shaffer,Male,18,Egyptian,3.88,3.78,1.3,1.35,1A100
Sandra,Bolton,Male,20,Algerian,3.39,3.24,2.41,2.78,3B88
Robert,Forbes,Female,19,Moroccan,0.28,0.83,2.84,1.23,2C55
Alexandria,Cain,Male,32,Malian,3.81,0.31,3.43,0.53,3B88
Robert,Harris,Male,37,Moroccan,3.91,3.16,4.65,2.36,3B88
Nicholas,Aguilar,Female,34,Tunisian,4.79,1.31,2.5,0.95,3B88
Brian,Jones,Female,37,Moroccan,2.85,2.3,0.35,3.02,3B88
Jennifer,Roberts,Female,36,Senegalese,1.45,2.01,3.62,3.09,4D20
Hannah,Mcknight,Female,44,Malian,3.11,4.09,1.03,4.95,2C55
Dean,Mann,Female,18,Senegalese,4.16,3.03,1.82,4.87,1A100
Shawn,Harris,Female,21,Malian,1.67,0.8,4.0,0.54,1A100
Philip,Moore,Male,22,Tunisian,3.86,2.83,0.09,0.47,1A100
Mackenzie,Howard,Female,39,Algerian,3.98,0.37,3.92,0.64,1A100
Christina,Ferrell,Male,22,Libyan,2.85,4.22,0.93,0.15,2C55
Michael,Perkins,Male,31,Senegalese,0.22,0.54,4.4,4.31,2C55
Beverly,Walters,Male,36,Algerian,2.84,4.74,1.59,4.67,1A100
Summer,Jones,Female,27,Malian,1.3,4.01,2.74,3.1,3B88
Devon,Rodriguez,Female,28,Malian,2.38,4.48,3.67,1.99,3B88
David,Barber,Male,23,Algerian,2.55,1.85,2.63,2.08,2C55
Hunter,Salinas,Female,29,Cameroonian,4.59,4.64,4.8,4.33,1A100
John,Cooke,Female,28,Cameroonian,1.28,1.0,3.86,2.83,4D20
Gwendolyn,Delacruz,Male,37,Cameroonian,1.53,4.42,0.71,1.6,3B88
Brenda,Johnston,Female,22,Libyan,3.69,2.39,2.16,3.08,1A100
Nicole,Francis,Female,44,Cameroonian,3.61,0.24,1.47,1.59,2C55
Sarah,Martinez,Male,42,Libyan,1.47,1.23,4.47,4.74,3B88
Steven,Briggs,Female,26,Tunisian,1.24,2.95,4.13,2.36,2C55
Sarah,Schwartz,Male,29,Tunisian,1.13,0.35,3.8,0.56,1A100
Robert,Potter,Male,19,Tunisian,1.29,2.22,0.45,0.01,4D20
Angela,Meyer,Female,31,Cameroonian,2.86,4.57,2.09,2.9,3B88
Richard,Rivers,Male,41,Senegalese,1.26,4.03,4.81,4.55,3B88
Renee,Miller,Female,18,Cameroonian,2.75,1.87,4.4,5.0,4D20
Andrew,Roberts,Male,26,Cameroonian,4.11,4.43,4.98,1.28,2C55
Donald,Davis,Female,35,Senegalese,1.02,1.24,3.37,2.81,2C55
Brittany,Barron,Female,21,Tunisian,3.0,4.94,3.76,2.29,2C55
Christine,King,Female,25,Cameroonian,2.49,0.11,0.42,4.89,3B88
Paul,Anderson,Male,26,Senegalese,0.47,2.6,3.08,2.01,4D20
Tim,Romero,Female,31,Tunisian,3.6,2.79,0.57,4.66,3B88
Toni,Lucas,Female,45,Tunisian,4.18,3.41,0.36,1.06,2C55
Matthew,Smith,Male,27,Tunisian,1.11,3.19,0.8,4.16,2C55
Adam,Jones,Male,28,Senegalese,4.91,4.84,2.73,2.02,1A100
Jill,Anderson,Female,30,Tunisian,4.38,2.03,4.71,0.57,2C55
Eugene,Atkinson,Female,35,Malian,1.79,4.82,2.95,2.59,4D20
Joseph,Vargas,Male,31,Malian,0.91,2.82,3.4,0.82,3B88
Suzanne,Rodriguez,Male,44,Egyptian,1.74,1.54,3.12,4.33,1A100
Lisa,Clark,Male,22,Moroccan,1.96,4.63,1.09,2.21,1A100
Kelly,Frost,Female,30,Tunisian,0.21,2.2,3.32,4.45,2C55
Cesar,Nixon,Male,36,Egyptian,1.19,1.18,0.4,4.48,1A100
Karen,Kramer,Female,38,Cameroonian,1.62,1.36,1.62,4.88,1A100
Misty,Andrews,Male,44,Cameroonian,3.89,0.5,0.96,2.63,2C55
Jamie,Brooks,Male,35,Egyptian,0.35,4.94,1.84,4.34,1A100
Amy,Martin,Female,39,Libyan,2.96,2.49,1.76,3.5,1A100
Erika,Walker,Female,25,Malian,3.5,1.14,1.45,4.29,3B88
Michael,Brown,Female,37,Tunisian,1.89,3.97,3.77,4.08,3B88
Kevin,Cooper,Female,26,Algerian,0.53,3.3,0.21,0.88,2C55
Terri,Fisher,Female,45,Malian,3.87,3.74,1.3,1.41,3B88
Bryan,Henry,Female,21,Egyptian,3.3,3.27,2.6,3.75,2C55
Christine,Lara,Female,36,Senegalese,0.95,2.53,0.37,2.38,2C55
Cole,Lawson,Male,40,Egyptian,2.26,2.21,0.21,1.39,4D20
Sarah,King,Male,25,Tunisian,2.7,4.39,3.19,2.87,4D20
Angela,Williams,Female,43,Libyan,3.02,1.3,1.94,2.36,3B88
Jason,Martinez,Male,18,Malian,2.97,1.61,3.56,2.2,2C55
William,Hall,Female,21,Algerian,1.04,0.7,0.89,0.97,3B88
Jay,Mcdonald,Female,43,Moroccan,2.4,1.65,2.43,0.15,4D20
Ana,Chang,Female,25,Libyan,0.47,4.7,1.07,2.07,2C55
Thomas,Long,Female,32,Libyan,3.63,4.33,3.74,3.02,1A100
Catherine,Gibson,Female,36,Libyan,0.82,4.64,2.05,1.59,2C55
Michael,Scott,Female,23,Moroccan,2.7,1.2,1.84,4.63,2C55
Kevin,Ray,Female,26,Senegalese,4.38,0.38,2.12,3.66,3B88
John,Warren,Female,21,Senegalese,1.64,1.62,2.89,1.73,1A100
Anthony,Thomas,Male,26,Senegalese,2.58,0.19,1.93,3.69,2C55
John,White,Female,31,Egyptian,0.28,1.43,0.67,4.01,4D20
Katie,Smith,Female,26,Cameroonian,0.49,3.34,0.02,2.72,3B88
Norma,Stone,Female,20,Egyptian,1.79,2.32,1.04,4.96,4D20
William,Goodwin,Male,23,Malian,4.32,2.76,3.22,0.22,3B88
Amanda,Sawyer,Male,20,Algerian,1.58,4.85,0.96,1.71,3B88
Joshua,Rasmussen,Female,45,Egyptian,2.33,0.3,3.9,3.76,1A100
Ashley,Howe,Male,32,Moroccan,1.09,4.32,3.78,0.09,1A100
Olivia,Brooks,Female,43,Tunisian,0.7,2.62,0.65,4.82,2C55
Christy,Fischer,Female,42,Senegalese,0.73,0.4,1.92,4.09,1A100
Dominique,Daniels,Male,21,Senegalese,0.41,4.79,4.82,1.92,2C55
Jasmine,Richardson,Female,29,Senegalese,0.81,0.57,4.52,4.74,1A100
Mallory,Smith,Female,38,Senegalese,0.81,3.04,1.41,0.04,1A100
Colleen,Nichols,Female,34,Senegalese,1.4,0.77,4.75,0.32,4D20
April,Pratt,Female,43,Senegalese,0.51,4.34,1.67,0.74,3B88
Philip,Donaldson,Male,35,Moroccan,0.59,4.57,1.62,4.78,2C55
Susan,Burke,Male,40,Moroccan,0.98,0.44,0.78,0.06,3B88
David,Lee,Male,35,Cameroonian,3.48,1.86,3.33,3.02,2C55
Timothy,Hawkins,Male,33,Moroccan,0.54,0.94,3.85,1.0,4D20
Marcus,Williams,Female,37,Senegalese,4.04,2.25,4.93,4.22,4D20
Christine,Knight,Male,40,Egyptian,1.5,2.24,4.23,1.66,2C55
Charles,Greene,Male,31,Senegalese,1.81,3.11,1.18,3.26,2C55
Lisa,Morgan,Male,34,Moroccan,0.29,1.53,1.05,2.76,1A100
Jennifer,Torres,Female,40,Libyan,2.35,0.15,1.4,0.18,1A100
Henry,Mcneil,Male,38,Algerian,0.34,1.65,4.02,3.35,4D20
Robert,Nichols,Male,39,Libyan,0.74,1.26,0.3,0.22,3B88
Stephanie,Skinner,Male,32,Libyan,2.1,2.15,0.08,0.85,4D20
Jacob,Chen,Male,23,Libyan,1.03,1.86,3.13,0.16,4D20
Christopher,Dixon,Female,30,Cameroonian,3.78,1.21,2.5,3.27,3B88
Steven,Wong,Female,27,Egyptian,2.78,0.62,1.05,0.16,4D20
Melissa,Lane,Male,31,Malian,4.26,3.05,0.16,1.41,1A100
Dale,Compton,Female,19,Libyan,3.28,3.26,1.59,3.11,1A100
Gina,Hughes,Male,29,Moroccan,2.91,3.88,1.6,0.16,3B88
Nicholas,Torres,Female,41,Libyan,2.48,3.91,3.62,4.06,2C55
Kathryn,Orr,Male,21,Egyptian,1.28,2.4,0.73,3.79,3B88
Rodney,Shepherd,Female,36,Cameroonian,4.8,1.14,0.68,4.57,1A100
John,Wilson,Male,45,Libyan,4.74,0.16,2.26,3.59,2C55
Kristen,Vasquez,Female,41,Algerian,2.72,3.03,2.79,1.17,4D20
Sharon,Vaughn,Female,36,Tunisian,4.9,2.27,2.15,0.71,3B88
Ryan,Hernandez,Male,39,Cameroonian,2.33,0.44,0.06,1.08,3B88
Debra,Ibarra,Female,29,Malian,4.92,4.66,0.78,1.78,3B88
Natalie,Curtis,Female,43,Malian,2.27,1.69,1.86,1.64,3B88
Julie,Murphy,Female,19,Moroccan,0.35,0.12,3.92,1.54,1A100
Vanessa,Williams,Female,22,Libyan,4.86,0.18,2.16,3.14,3B88
Stephanie,Kramer,Male,30,Malian,3.85,3.88,4.84,1.16,1A100
Stacy,Nelson,Female,36,Tunisian,4.19,1.17,1.21,2.99,3B88
Robert,Fleming,Female,33,Algerian,1.38,4.3,1.77,3.0,1A100
Kari,Walker,Female,31,Senegalese,2.94,0.7,4.65,4.63,3B88
Justin,Foster,Male,20,Egyptian,4.95,0.89,1.06,2.89,4D20
Monique,Roberson,Female,31,Moroccan,2.81,0.05,2.69,3.91,1A100
Joshua,Townsend,Male,24,Senegalese,4.93,1.23,0.53,2.37,4D20
Alexis,Robinson,Female,45,Egyptian,4.16,1.5,0.25,3.28,1A100
Eileen,Walker,Male,26,Moroccan,4.29,2.24,3.45,4.42,1A100
Edward,Keller,Male,37,Cameroonian,3.79,1.36,3.45,1.5,1A100
Richard,Davis,Male,19,Cameroonian,2.21,0.58,2.05,0.21,1A100
Patricia,Baldwin,Male,19,Egyptian,2.94,1.81,0.92,0.85,4D20
Michael,Strong,Male,28,Libyan,3.18,2.32,1.89,0.11,4D20
William,Sims,Female,32,Senegalese,0.17,0.25,4.04,2.12,1A100
James,Thomas,Female,23,Moroccan,3.69,3.76,0.26,3.06,1A100
Sharon,Herrera,Female,39,Senegalese,3.71,3.33,1.29,4.22,1A100
John,Smith,Female,40,Moroccan,0.46,3.89,2.42,2.08,1A100
Charles,Lee,Female,21,Senegalese,0.33,0.42,0.55,0.02,4D20
Nicole,Fox,Female,28,Moroccan,0.03,2.75,3.09,3.16,3B88
Nathan,Delacruz,Male,34,Malian,2.92,2.13,0.51,3.71,3B88
Monica,Sherman,Female,29,Cameroonian,1.22,0.3,2.26,2.08,3B88
Juan,Ward,Female,27,Egyptian,2.34,4.36,3.35,0.1,4D20
Courtney,Anderson,Male,40,Moroccan,1.73,3.55,1.05,4.51,1A100
Pedro,Schaefer,Male,18,Algerian,2.63,4.23,1.98,1.64,2C55
Brenda,Johnson,Male,38,Moroccan,1.11,0.98,1.25,4.92,2C55
Stephanie,Peterson,Female,37,Algerian,2.32,3.21,0.59,1.3,4D20
Lynn,Huerta,Female,43,Libyan,1.51,4.39,3.17,1.03,4D20
Theresa,Thompson,Female,23,Senegalese,3.28,3.38,0.19,0.68,4D20
Tammy,Garcia,Male,43,Algerian,2.24,1.79,2.45,2.49,1A100
Eric,Jackson,Female,33,Libyan,4.52,4.73,1.7,2.78,3B88
Timothy,Dennis,Female,22,Egyptian,2.04,2.63,1.01,3.99,1A100
Jonathan,Wright,Male,45,Senegalese,3.53,0.81,3.87,2.08,2C55
Cynthia,Green,Male,18,Algerian,0.86,1.44,2.9,1.21,4D20
Denise,Fisher,Male,37,Moroccan,1.03,4.93,1.25,1.59,3B88
Robert,Roach,Male,25,Tunisian,1.79,3.26,4.62,2.78,3B88
Paula,Wilson,Female,40,Tunisian,2.01,4.5,0.51,1.13,3B88
Edward,Clark,Female,43,Libyan,2.84,1.18,4.54,2.29,4D20
Jessica,Dickson,Male,27,Moroccan,3.99,4.06,2.7,2.07,2C55
Wesley,Maxwell,Male,18,Tunisian,0.4,0.82,0.54,4.38,3B88
Jennifer,Henderson,Female,39,Egyptian,3.69,2.54,3.85,1.93,4D20
Allen,Williams,Male,36,Egyptian,3.01,0.99,3.79,0.11,2C55
David,Frederick,Female,32,Libyan,3.5,2.02,2.87,4.18,1A100
Christina,Jones,Female,41,Egyptian,4.18,2.92,3.98,2.09,2C55
Benjamin,Moore,Female,40,Cameroonian,1.16,4.8,0.27,2.71,1A100
Katie,Hernandez,Female,25,Algerian,4.89,1.66,3.33,0.37,2C55
Susan,Pitts,Female,29,Senegalese,0.84,3.66,2.18,0.99,1A100
Megan,Roach,Female,28,Algerian,0.48,1.24,2.46,4.02,1A100
Patrick,Brooks,Male,44,Moroccan,1.35,4.18,4.4,1.5,3B88
Andrea,Fisher,Female,26,Algerian,2.05,0.36,0.38,4.73,1A100
James,Banks,Male,34,Moroccan,2.29,2.16,0.6,2.18,2C55
Brandon,Howard,Male,27,Cameroonian,1.28,2.3,1.41,4.25,1A100
Melinda,Hunt,Male,36,Malian,4.12,4.06,3.23,1.05,1A100
Sophia,Garcia,Female,45,Algerian,1.63,4.07,4.84,1.85,1A100
Andrew,Smith,Female,38,Cameroonian,4.21,3.49,2.89,2.23,1A100
Susan,Sandoval,Female,31,Algerian,4.56,0.62,0.62,3.85,1A100
James,Lucas,Male,21,Libyan,4.42,0.48,3.65,3.76,4D20
Kathryn,Chase,Male,28,Malian,2.25,3.12,3.47,4.18,2C55
Alexander,Jacobs,Female,19,Cameroonian,0.29,4.92,4.4,3.43,1A100
Monique,Brown,Female,28,Algerian,2.88,4.42,3.09,3.03,1A100
Amy,Barrett,Female,18,Egyptian,4.82,3.41,2.1,2.95,3B88
Lisa,Wright,Male,29,Tunisian,4.69,2.12,0.83,4.41,3B88
Jonathan,Wilkerson,Female,22,Egyptian,0.32,0.4,4.3,3.96,2C55
Natalie,Young,Male,32,Malian,4.74,4.45,3.15,3.9,1A100
Anne,Aguilar,Female,34,Moroccan,2.67,2.46,2.99,3.74,3B88
Christopher,Morris,Female,36,Malian,1.89,0.5,0.65,1.21,4D20
Molly,Gonzalez,Female,43,Malian,4.21,1.18,2.49,2.13,2C55
Theresa,Gonzales,Female,35,Malian,0.64,1.44,2.4,3.23,1A100
Keith,Wheeler,Male,32,Cameroonian,1.88,2.87,3.23,4.7,4D20
Carolyn,Stewart,Male,28,Egyptian,4.03,2.8,0.71,3.89,1A100
Dean,Short,Female,26,Tunisian,0.24,0.66,4.71,4.23,4D20
Edwin,Patton,Female,21,Cameroonian,1.07,3.4,1.83,2.29,1A100
Christopher,Morris,Female,27,Egyptian,3.89,3.59,1.93,4.06,2C55
Samantha,Berger,Female,23,Moroccan,2.17,3.41,2.8,4.69,1A100
Melinda,Taylor,Male,29,Malian,0.15,0.93,1.57,1.42,2C55
Jeffrey,Rodriguez,Male,19,Tunisian,4.0,3.92,1.04,0.54,3B88
Bridget,Waters,Male,43,Egyptian,3.4,2.69,0.2,4.26,1A100
Kyle,Mason,Female,38,Malian,0.21,1.25,4.3,3.25,4D20
Melissa,Andrews,Male,34,Tunisian,1.3,4.77,1.87,3.51,1A100
Carlos,Scott,Male,39,Libyan,2.77,0.79,4.42,3.01,1A100
James,Carr,Male,29,Cameroonian,2.43,3.74,1.07,4.09,2C55
David,Lewis,Female,40,Moroccan,4.83,1.91,1.07,0.82,1A100
Paul,Warren,Female,41,Algerian,0.94,1.52,4.12,2.71,2C55
James,Dickerson,Female,18,Libyan,2.57,0.74,2.91,1.81,4D20
Isaac,Jenkins,Male,42,Moroccan,4.96,3.55,2.38,0.4,2C55
Gregory,Mason,Male,30,Cameroonian,1.98,0.16,0.78,3.78,1A100
Joanna,Brown,Female,25,Malian,1.42,4.7,3.67,3.78,4D20
Christopher,Chung,Male,23,Egyptian,3.88,3.09,3.72,3.83,1A100
Lauren,Webb,Female,25,Algerian,0.04,1.6,2.7,3.93,2C55
Dominique,Nielsen,Female,28,Egyptian,2.79,0.34,4.14,3.91,4D20
Andrea,Garcia,Female,37,Egyptian,3.51,3.0,1.06,4.69,3B88
Gregory,Evans,Male,24,Libyan,2.42,2.05,1.73,4.68,3B88
Meghan,Holloway,Female,19,Algerian,2.87,4.94,0.4,2.56,4D20
Dylan,Dawson,Male,41,Libyan,1.7,1.34,1.38,0.18,2C55
Veronica,Ramos,Female,44,Cameroonian,3.46,1.09,1.62,1.37,3B88
Lisa,Sweeney,Female,41,Moroccan,2.52,0.99,2.3,3.55,2C55
Carlos,Young,Female,45,Cameroonian,2.38,4.99,1.6,0.01,3B88
Stephanie,Thomas,Female,44,Tunisian,1.37,1.46,0.13,1.54,2C55
Jeremy,Rice,Female,19,Tunisian,3.92,4.06,2.89,0.53,1A100
Christopher,Cochran,Male,34,Tunisian,3.99,1.61,1.24,4.27,4D20
Holly,Prince,Male,37,Cameroonian,0.78,4.3,0.8,0.9,4D20
Cynthia,Long,Male,21,Moroccan,0.38,4.94,2.86,4.65,4D20
Katherine,Meyer,Male,29,Cameroonian,4.95,1.93,2.44,3.2,4D20
Jenna,Mccall,Female,24,Egyptian,0.14,0.73,3.94,4.23,3B88
Danny,Collins,Female,42,Cameroonian,0.18,3.44,3.29,3.41,4D20
Mark,Moreno,Male,34,Libyan,0.62,1.1,3.3,4.44,3B88
Ryan,Hicks,Male,41,Malian,2.77,1.77,4.77,2.92,2C55
Kelly,Ortiz,Female,33,Moroccan,0.36,3.78,1.52,1.37,4D20
Cassandra,Whitney,Female,42,Tunisian,0.78,2.51,0.09,0.69,3B88
Jeanette,Ho,Male,22,Moroccan,2.63,0.99,4.55,0.9,4D20
Cory,Nelson,Male,32,Egyptian,1.86,1.96,3.68,4.07,3B88
Anthony,Lee,Male,22,Senegalese,0.96,3.96,3.69,0.75,3B88
Patrick,Martinez,Female,26,Senegalese,3.07,2.93,0.9,3.25,2C55
Melvin,Byrd,Female,25,Egyptian,4.21,2.84,2.18,4.37,1A100
Megan,Dalton,Female,22,Tunisian,3.86,0.05,0.34,4.6,2C55
Caitlin,Robertson,Male,39,Algerian,4.86,0.09,3.82,0.01,2C55
Heather,Burns,Female,44,Moroccan,4.12,2.75,0.95,0.65,2C55
David,Daniels,Male,25,Cameroonian,4.05,0.15,1.8,2.67,1A100
Justin,Martin,Female,38,Malian,3.17,2.84,1.04,0.12,1A100
Kevin,Maxwell,Female,21,Cameroonian,0.55,3.1,4.37,0.01,3B88
Jennifer,Taylor,Male,44,Tunisian,4.81,4.91,3.93,1.02,4D20
Sydney,James,Male,33,Tunisian,0.72,4.08,1.71,1.43,2C55
Brad,Mitchell,Male,22,Moroccan,3.23,4.12,1.1,0.76,1A100
Kimberly,Barton,Male,42,Tunisian,2.16,1.18,1.15,4.9,1A100
Adam,Simpson,Male,20,Egyptian,0.87,4.22,1.6,3.4,4D20
Stephen,Williams,Female,32,Senegalese,3.38,4.23,4.1,0.26,3B88
Brandon,Jackson,Female,22,Algerian,0.37,0.4,4.03,0.67,2C55
Terri,Gibson,Female,20,Libyan,3.11,1.36,2.72,3.62,2C55
David,Bishop,Male,20,Cameroonian,4.29,3.97,2.93,0.85,2C55
Sean,Graham,Male,18,Moroccan,3.15,4.39,3.92,3.41,2C55
Leah,Mccarthy,Male,43,Senegalese,0.4,4.76,0.7,0.2,1A100
Michael,Brown,Male,43,Egyptian,1.38,2.84,0.3,1.76,3B88
Makayla,Diaz,Female,40,Cameroonian,0.05,3.17,1.54,1.11,4D20
Debra,Hughes,Male,40,Egyptian,0.6,2.42,1.06,2.52,3B88
Robert,Sanders,Female,45,Egyptian,0.52,1.68,1.7,4.27,3B88
Glenda,Sellers,Female,18,Egyptian,4.75,0.79,1.06,1.97,3B88
Denise,Peterson,Female,22,Moroccan,2.29,2.8,4.87,2.58,3B88
Nicole,Benson,Female,25,Malian,0.77,3.33,4.83,3.66,2C55
Matthew,Turner,Male,45,Libyan,1.93,1.76,2.46,0.28,4D20
Thomas,Williams,Female,18,Senegalese,3.97,3.92,0.77,3.77,3B88
Devin,Jackson,Female,33,Algerian,3.04,1.99,1.3,2.4,1A100
Brandy,Hill,Male,41,Moroccan,1.29,3.59,2.99,4.77,4D20
Elizabeth,Vasquez,Female,21,Egyptian,1.94,4.53,1.22,3.48,2C55
Christy,Rogers,Female,18,Tunisian,2.39,0.48,1.78,3.84,2C55
Troy,Nguyen,Male,26,Libyan,0.86,1.44,4.9,3.25,3B88
Wanda,Lewis,Male,45,Senegalese,3.72,2.06,1.99,3.91,3B88
Zachary,Conrad,Female,27,Malian,1.21,4.22,3.7,1.37,4D20
Tammy,Sullivan,Female,41,Moroccan,4.42,3.9,0.31,4.57,3B88
James,Mueller,Male,33,Moroccan,3.93,3.69,1.1,4.16,4D20
Cristian,Lopez,Female,42,Cameroonian,4.69,1.15,3.88,0.23,1A100
Anne,Weeks,Male,45,Senegalese,2.07,0.08,4.39,2.31,3B88
Jeremiah,Tran,Male,36,Senegalese,4.07,3.38,1.94,1.06,1A100
Garrett,Harrison,Female,27,Egyptian,0.99,3.25,1.57,4.75,3B88
Jasmine,Nolan,Male,25,Tunisian,2.07,1.8,2.6,1.81,3B88
Isabella,Robinson,Female,23,Cameroonian,4.45,0.31,4.28,1.67,1A100
Teresa,Martinez,Female,22,Moroccan,4.85,4.52,2.13,1.89,2C55
Robert,White,Male,33,Senegalese,0.29,0.89,1.1,4.28,4D20
Rachel,Michael,Female,26,Senegalese,0.34,2.93,4.37,2.15,3B88
Cheryl,Cummings,Male,40,Senegalese,3.93,2.34,2.12,4.81,4D20
Christine,White,Male,32,Moroccan,0.03,1.64,3.08,2.77,2C55
Jeremy,Gallegos,Female,43,Cameroonian,0.69,1.25,1.78,4.4,2C55
Jennifer,Richards,Female,35,Senegalese,4.94,3.06,2.57,1.72,1A100
Barry,Torres,Female,21,Senegalese,1.06,0.75,1.91,4.31,2C55
Tony,Bennett,Female,43,Egyptian,1.88,2.57,2.03,1.02,1A100
Gina,Padilla,Male,45,Senegalese,0.96,1.0,1.17,3.01,4D20
John,Hunt,Male,44,Algerian,3.15,2.85,0.28,1.51,4D20
Brittney,Nielsen,Female,33,Senegalese,4.14,3.3,3.35,0.01,3B88
Brian,Parrish,Male,24,Malian,4.91,3.27,2.88,4.14,4D20
Katie,Parsons,Female,33,Libyan,3.76,2.45,1.66,0.91,1A100
Michael,Howard,Male,23,Tunisian,2.8,4.82,3.73,3.78,3B88
Eric,Olsen,Male,28,Tunisian,2.71,0.64,2.71,3.65,1A100
Vincent,Dunlap,Female,29,Cameroonian,3.57,2.28,3.34,3.35,4D20
Jessica,Lopez,Female,19,Algerian,0.77,2.61,2.84,0.05,3B88
Whitney,Reyes,Male,38,Egyptian,3.98,0.4,3.61,2.31,4D20
Lisa,Reyes,Male,19,Senegalese,4.42,2.47,0.33,2.55,2C55
Joshua,Hardy,Female,22,Senegalese,3.44,4.53,2.04,0.27,3B88
Matthew,Hess,Male,25,Tunisian,2.85,2.23,1.98,4.95,4D20
Jennifer,Frey,Male,26,Egyptian,4.0,0.72,2.28,2.69,1A100
Timothy,Williams,Male,23,Cameroonian,1.24,2.84,4.08,4.86,4D20
Shannon,Torres,Male,29,Algerian,2.72,1.61,2.52,3.8,1A100
Jennifer,Mills,Male,23,Senegalese,2.25,0.93,0.76,0.76,1A100
Jeremy,Johnson,Male,18,Egyptian,1.22,1.55,3.49,1.44,2C55
Lisa,Martin,Male,40,Cameroonian,2.8,2.06,3.04,0.16,4D20
Deborah,Jackson,Female,41,Moroccan,0.06,0.02,3.93,1.73,2C55
John,Roberts,Female,45,Cameroonian,0.85,2.46,2.55,0.91,2C55
Robert,Morgan,Male,21,Libyan,0.7,2.27,0.13,3.45,4D20
Dustin,Farley,Female,22,Malian,2.14,2.31,3.74,2.02,2C55
Preston,Rodriguez,Male,25,Libyan,3.81,0.94,2.08,0.37,2C55
Jacob,Stuart,Female,20,Libyan,4.78,2.58,1.39,4.45,1A100
Cynthia,Levine,Male,30,Egyptian,4.26,0.28,2.17,3.21,2C55
Brian,Sullivan,Male,38,Algerian,0.3,2.91,1.52,2.42,2C55
Ashlee,Carter,Male,33,Moroccan,0.15,1.84,1.39,0.62,1A100
Susan,Diaz,Male,22,Senegalese,0.98,0.23,3.86,1.66,1A100
David,Harris,Male,24,Senegalese,2.12,1.18,3.55,3.71,3B88
Kimberly,Krueger,Male,20,Egyptian,4.25,2.87,3.27,2.75,4D20
David,Snow,Male,34,Tunisian,1.84,2.93,3.85,4.56,4D20
April,Davis,Female,41,Algerian,3.23,4.79,4.33,1.03,2C55
Joe,Smith,Male,30,Cameroonian,4.53,3.52,1.97,3.06,2C55
Cameron,Allen,Male,36,Egyptian,3.7,2.65,0.53,0.22,4D20
Michelle,Cooper,Male,19,Cameroonian,3.49,1.18,4.48,0.87,2C55
Patrick,Williams,Male,43,Moroccan,3.37,4.87,0.07,0.43,3B88
Jenny,Young,Male,41,Egyptian,0.3,4.01,3.68,3.85,3B88
Madison,Williams,Male,38,Moroccan,3.47,4.43,1.73,3.3,4D20
Kevin,Russell,Male,27,Moroccan,1.62,0.47,4.05,4.05,2C55
Aaron,Snyder,Male,19,Egyptian,4.58,3.18,1.37,2.17,2C55
Dana,Hardin,Male,44,Senegalese,2.74,4.74,2.36,3.86,4D20
Matthew,Christensen,Male,34,Tunisian,4.58,2.02,4.29,3.43,3B88
Marissa,Hutchinson,Female,28,Malian,3.49,3.89,0.57,2.8,3B88
Alex,Murray,Male,37,Tunisian,3.38,0.06,2.2,2.91,2C55
Maria,Hughes,Female,18,Moroccan,1.57,1.37,0.3,2.63,4D20
Eric,Stevens,Female,25,Malian,4.32,2.13,3.29,1.17,3B88
Robert,Nguyen,Male,35,Libyan,2.79,1.94,0.3,2.52,3B88
Kimberly,Rice,Male,31,Senegalese,3.8,3.19,1.36,2.09,3B88
Richard,Allen,Male,31,Malian,3.98,2.71,0.44,3.03,2C55
Kevin,Copeland,Male,32,Moroccan,1.81,1.99,2.36,0.74,3B88
Jennifer,Hayes,Female,23,Libyan,2.09,2.52,2.2,1.51,2C55
Michelle,Banks,Male,45,Malian,0.26,0.17,1.35,2.7,3B88
Michelle,Johnson,Female,20,Egyptian,1.37,2.94,3.23,4.88,4D20
Brandi,Trujillo,Female,36,Libyan,2.41,0.99,0.18,4.05,3B88
Danielle,Ayers,Male,33,Tunisian,2.0,3.17,4.16,2.72,1A100
Elizabeth,Combs,Female,23,Egyptian,2.79,1.29,3.04,3.27,3B88
Lisa,Lopez,Female,37,Libyan,0.52,0.95,4.94,2.69,4D20
Briana,Lopez,Female,23,Malian,1.15,0.76,1.7,4.73,2C55
Victor,Jackson,Male,40,Malian,2.14,3.22,3.99,2.23,1A100
Bianca,Hamilton,Female,30,Egyptian,2.04,0.7,0.63,3.09,3B88
Spencer,Bailey,Male,24,Algerian,0.39,0.1,0.87,2.08,4D20
Scott,Freeman,Male,24,Egyptian,3.61,0.89,4.43,3.67,2C55
Robert,Franklin,Female,29,Egyptian,4.28,2.51,0.66,3.16,2C55
Aaron,Hodge,Male,36,Egyptian,3.59,3.35,2.55,2.21,1A100
Matthew,White,Male,26,Libyan,1.57,2.08,2.54,1.33,1A100
Kristi,Warren,Male,18,Egyptian,1.46,4.67,0.07,4.25,3B88
Shelby,Burnett,Male,45,Egyptian,3.44,2.13,1.69,1.39,1A100
Andre,Gonzalez,Female,21,Cameroonian,3.94,3.08,3.97,3.46,3B88
Mackenzie,Price,Male,36,Algerian,3.29,3.49,2.7,2.48,1A100
Katherine,Holt,Male,18,Malian,4.0,0.18,4.08,1.0,1A100
Craig,Hanna,Male,28,Libyan,0.39,2.64,4.08,0.26,3B88
David,Snyder,Male,30,Malian,4.9,3.96,1.0,2.79,1A100
Daniel,Smith,Male,44,Malian,0.61,0.34,1.58,3.85,4D20
Samantha,Jones,Female,33,Egyptian,4.22,3.14,1.64,3.56,4D20
Paige,Clark,Male,45,Algerian,1.62,2.75,2.02,1.64,1A100
Daniel,Woodard,Male,30,Libyan,4.34,1.44,1.52,1.42,1A100
Zachary,Mercado,Male,43,Tunisian,0.7,1.95,1.16,2.3,2C55
Danielle,Wright,Male,20,Egyptian,2.47,3.58,4.71,2.29,3B88
William,Dunn,Female,18,Algerian,4.34,4.56,3.23,4.6,1A100
Greg,Tate,Male,42,Algerian,3.62,2.73,2.38,1.45,1A100
Christine,Williams,Male,18,Senegalese,0.96,4.26,4.61,4.65,1A100
Tonya,Wong,Male,33,Cameroonian,2.38,0.09,0.57,0.78,1A100
Jacob,Rangel,Male,40,Cameroonian,3.44,1.98,3.55,1.03,4D20
Karen,Clark,Male,30,Tunisian,0.18,3.5,0.91,0.26,1A100
Shannon,Taylor,Female,43,Cameroonian,3.38,0.31,0.98,2.14,3B88
Ethan,Mullins,Male,18,Malian,0.53,3.29,4.16,1.66,1A100
Nathan,Jordan,Male,27,Libyan,4.65,4.38,4.28,4.95,3B88
Grace,Jones,Male,40,Tunisian,3.4,2.39,1.32,3.98,1A100
Mary,Quinn,Female,28,Moroccan,2.55,1.83,0.67,3.82,4D20
Nicole,Vasquez,Female,33,Senegalese,3.64,1.86,3.22,3.28,1A100
Bryan,Watson,Female,24,Algerian,0.45,2.32,4.48,0.64,2C55
Patricia,Ray,Male,30,Moroccan,1.26,2.49,0.06,1.64,3B88
Heidi,Webster,Male,41,Tunisian,0.52,2.96,3.91,2.45,2C55
Jeremy,Wilson,Female,33,Libyan,3.41,2.18,2.08,4.58,1A100
